[2023-05-15 22:06:14]
{"revision-395-inherit":{"before":{"trigger":"wp_insert_post","request_type":"POST_REVISION"},"form_data":{"channels":["@dcwwiki"],"delay":0.5,"disable_notification":false,"override_switch":false,"send2tg":"yes","send_featured_image":true,"files":[],"is_from_gb":true},"sv":767,"finish":{"ok":false,"processed":[]},"after":{"result":"441:462:524"}}}

[2023-05-15 22:06:14]
{"tribe_events-389-publish":{"before":{"trigger":"wp_insert_post","request_type":"REST_REQUEST"},"form_data":{"channels":["@dcwwiki"],"delay":0.5,"disable_notification":false,"override_switch":false,"send2tg":"yes","send_featured_image":true,"files":[],"is_from_gb":true},"finish":{"ok":false,"processed":[]},"after":{"result":"441:451:524"}}}

[2023-05-15 22:06:14]
{"tribe_events-389-publish":{"before":{"trigger":"rest_after_insert","request_type":"REST_REQUEST"},"form_data":{"channels":["@dcwwiki"],"delay":0.5,"disable_notification":false,"override_switch":false,"send2tg":"yes","send_featured_image":true,"files":[],"is_from_gb":true},"rules":{"apply":true,"sent2tg":""},"finish":{"ok":false,"processed":[]},"after":{"result":"delayed 0.5"}}}

[2023-05-15 22:06:15]
{"tribe_events-389-publish":{"before":{"trigger":"wp_insert_post","request_type":"IS_GB_METABOX"},"form_data":{"send2tg":null,"override_switch":false},"sv":720,"finish":{"ok":false,"processed":[]},"after":{"result":"441:462:524"}}}

[2023-05-15 22:06:55]
{"tribe_events-389-publish":{"before":{"trigger":"delayed_post","request_type":"DOING_CRON"},"form_data":{"send2tg":null,"override_switch":false},"rules":{"apply":true,"sent2tg":""},"image_source":{"send_image":true,"has_image":true,"send_by_url":true,"source":"https:\/\/hour.dcwwiki.org\/wp-content\/uploads\/2023\/04\/png_20230515_210208_0000.png"},"finish":{"ok":true,"processed":[389]},"after":{"result":{"@dcwwiki":[{"ok":false,"error_code":400,"description":"Bad Request: wrong file identifier\/HTTP URL specified"}]}}}}

[2023-05-15 22:12:49]
{"tribe_events-389-publish":{"before":{"trigger":"wp_insert_post","request_type":"REST_REQUEST"},"form_data":{"send2tg":null,"override_switch":false},"finish":{"ok":false,"processed":[]},"after":{"result":"441:451:524"}}}

[2023-05-15 22:12:50]
{"tribe_events-389-publish":{"before":{"trigger":"rest_after_insert","request_type":"REST_REQUEST"},"form_data":{"send2tg":null,"override_switch":false},"rules":{"apply":true,"sent2tg":""},"finish":{"ok":false,"processed":[]},"after":{"result":"delayed 0.5"}}}

[2023-05-15 22:12:50]
{"tribe_events-389-publish":{"before":{"trigger":"wp_insert_post","request_type":"IS_GB_METABOX"},"form_data":{"send2tg":null,"override_switch":false},"sv":720,"finish":{"ok":false,"processed":[]},"after":{"result":"441:462:524"}}}

[2023-05-15 22:13:42]
{"tribe_events-389-publish":{"before":{"trigger":"delayed_post","request_type":"DOING_CRON"},"form_data":{"send2tg":null,"override_switch":false},"rules":{"apply":true,"sent2tg":""},"image_source":{"send_image":true,"has_image":true,"send_by_url":false,"source":"\/home\/u572932744\/domains\/dcwwiki.org\/public_html\/hour\/wp-content\/uploads\/2023\/04\/png_20230515_210208_0000.png"},"finish":{"ok":true,"processed":[389]},"after":{"result":{"@dcwwiki":[{"ok":true,"result":{"message_id":52,"sender_chat":{"id":-1001519093862,"title":"Deoband Community Wikimedia","username":"dcwwiki","type":"channel"},"chat":{"id":-1001519093862,"title":"Deoband Community Wikimedia","username":"dcwwiki","type":"channel"},"date":1684169022,"photo":[{"file_id":"AgACAgUAAx0EWouIZgADNGRiYT7TgL77YMU9yCXTwftJauzcAAIntDEbIuoZV7rYwf75W2NCAQADAgADcwADLwQ","file_unique_id":"AQADJ7QxGyLqGVd4","file_size":1749,"width":90,"height":90},{"file_id":"AgACAgUAAx0EWouIZgADNGRiYT7TgL77YMU9yCXTwftJauzcAAIntDEbIuoZV7rYwf75W2NCAQADAgADbQADLwQ","file_unique_id":"AQADJ7QxGyLqGVdy","file_size":23419,"width":320,"height":320},{"file_id":"AgACAgUAAx0EWouIZgADNGRiYT7TgL77YMU9yCXTwftJauzcAAIntDEbIuoZV7rYwf75W2NCAQADAgADeAADLwQ","file_unique_id":"AQADJ7QxGyLqGVd9","file_size":92732,"width":800,"height":800},{"file_id":"AgACAgUAAx0EWouIZgADNGRiYT7TgL77YMU9yCXTwftJauzcAAIntDEbIuoZV7rYwf75W2NCAQADAgADeQADLwQ","file_unique_id":"AQADJ7QxGyLqGVd-","file_size":128896,"width":1080,"height":1080}],"caption":"DCW Conversation Hour May 2023\n\nThe May 2023 Conversation Hour aims to explore the impact of Wikipedia on Non-Conventional Education. The guest speaker is Bilal Ali Ansari, an Islamic scholar, who chairs the Academic Advisory Committee and Department of Hadith at Darul Qasim College, in Illinois. Titled as Mawlana, Bilal Ali Ansari has degrees in Computer Engineering and Applied Behavioral Sciences from the University of Illinois and National-Louis University in Lisle, respectively.\n\nhttps:\/\/hour.dcwwiki.org\/event\/dcw-conversation-hour-may-2023\/","caption_entities":[{"offset":489,"length":62,"type":"url"}],"reply_markup":{"inline_keyboard":[[{"text":"\ud83d\udd17 View Post","url":"https:\/\/hour.dcwwiki.org\/event\/dcw-conversation-hour-may-2023\/"}]]}}}]}}}}

[2023-05-15 22:28:56]
{"revision-396-inherit":{"before":{"trigger":"wp_insert_post","request_type":"POST_REVISION"},"form_data":{"channels":["@dcwwiki"],"delay":0.5,"disable_notification":false,"override_switch":false,"send2tg":"no","send_featured_image":true,"files":[],"is_from_gb":true},"sv":715,"finish":{"ok":false,"processed":[]},"after":{"result":"441:462:524"}}}

[2023-05-15 22:28:56]
{"tribe_events-389-publish":{"before":{"trigger":"wp_insert_post","request_type":"REST_REQUEST"},"form_data":{"channels":["@dcwwiki"],"delay":0.5,"disable_notification":false,"override_switch":false,"send2tg":"no","send_featured_image":true,"files":[],"is_from_gb":true},"finish":{"ok":false,"processed":[]},"after":{"result":"441:451:495:524"}}}

[2023-05-15 22:28:57]
{"tribe_events-389-publish":{"before":{"trigger":"rest_after_insert","request_type":"REST_REQUEST"},"form_data":{"channels":["@dcwwiki"],"delay":0.5,"disable_notification":false,"override_switch":false,"send2tg":"no","send_featured_image":true,"files":[],"is_from_gb":true},"sv":715,"finish":{"ok":false,"processed":[]},"after":{"result":"441:462:495:524"}}}

[2023-05-15 22:28:57]
{"tribe_events-389-publish":{"before":{"trigger":"wp_insert_post","request_type":"IS_GB_METABOX"},"form_data":{"send2tg":null,"override_switch":false},"sv":720,"finish":{"ok":false,"processed":[]},"after":{"result":"441:462:524"}}}

[2023-05-15 23:26:42]
{"revision-397-inherit":{"before":{"trigger":"wp_insert_post","request_type":"POST_REVISION"},"form_data":{"channels":["@dcwwiki"],"delay":0.5,"disable_notification":false,"override_switch":false,"send2tg":"no","send_featured_image":true,"files":[],"is_from_gb":true},"sv":715,"finish":{"ok":false,"processed":[]},"after":{"result":"441:462:524"}}}

[2023-05-15 23:26:42]
{"tribe_events-389-publish":{"before":{"trigger":"wp_insert_post","request_type":"REST_REQUEST"},"form_data":{"channels":["@dcwwiki"],"delay":0.5,"disable_notification":false,"override_switch":false,"send2tg":"no","send_featured_image":true,"files":[],"is_from_gb":true},"finish":{"ok":false,"processed":[]},"after":{"result":"441:451:495:524"}}}

[2023-05-15 23:26:42]
{"tribe_events-389-publish":{"before":{"trigger":"rest_after_insert","request_type":"REST_REQUEST"},"form_data":{"channels":["@dcwwiki"],"delay":0.5,"disable_notification":false,"override_switch":false,"send2tg":"no","send_featured_image":true,"files":[],"is_from_gb":true},"sv":715,"finish":{"ok":false,"processed":[]},"after":{"result":"441:462:495:524"}}}

[2023-05-15 23:26:42]
{"tribe_events-389-publish":{"before":{"trigger":"wp_insert_post","request_type":"IS_GB_METABOX"},"form_data":{"send2tg":null,"override_switch":false},"sv":720,"finish":{"ok":false,"processed":[]},"after":{"result":"441:462:524"}}}

[2023-05-16 11:13:23]
{"customize_changeset-398-auto-draft":{"before":{"trigger":"wp_insert_post","request_type":"DOING_AUTOSAVE"},"form_data":{"send2tg":null,"override_switch":false},"sv":762,"finish":{"ok":false,"processed":[]},"after":{"result":"441:462:524"}}}

[2023-05-16 11:14:22]
{"customize_changeset-398-auto-draft":{"before":{"trigger":"wp_insert_post","request_type":"DOING_AUTOSAVE"},"form_data":{"send2tg":null,"override_switch":false},"sv":762,"finish":{"ok":false,"processed":[]},"after":{"result":"441:462:524"}}}

[2023-05-16 11:15:37]
{"customize_changeset-398-auto-draft":{"before":{"trigger":"wp_insert_post","request_type":"DOING_AUTOSAVE"},"form_data":{"send2tg":null,"override_switch":false},"sv":762,"finish":{"ok":false,"processed":[]},"after":{"result":"441:462:524"}}}

[2023-05-16 11:20:05]
{"customize_changeset-398-auto-draft":{"before":{"trigger":"wp_insert_post","request_type":"DOING_AUTOSAVE"},"form_data":{"send2tg":null,"override_switch":false},"sv":762,"finish":{"ok":false,"processed":[]},"after":{"result":"441:462:524"}}}

[2023-05-16 11:21:05]
{"customize_changeset-398-auto-draft":{"before":{"trigger":"wp_insert_post","request_type":"DOING_AUTOSAVE"},"form_data":{"send2tg":null,"override_switch":false},"sv":762,"finish":{"ok":false,"processed":[]},"after":{"result":"441:462:524"}}}

[2023-05-16 11:23:05]
{"customize_changeset-398-auto-draft":{"before":{"trigger":"wp_insert_post","request_type":"DOING_AUTOSAVE"},"form_data":{"send2tg":null,"override_switch":false},"sv":762,"finish":{"ok":false,"processed":[]},"after":{"result":"441:462:524"}}}

[2023-05-16 11:23:11]
{"customize_changeset-398-trash":{"before":{"trigger":"wp_insert_post","request_type":null},"form_data":{"send2tg":null,"override_switch":false},"sv":772,"finish":{"ok":false,"processed":[]},"after":{"result":"441:462:524"}}}

[2023-05-16 11:23:11]
{"customize_changeset-398-publish":{"before":{"trigger":"wp_insert_post","request_type":null},"form_data":{"send2tg":null,"override_switch":false},"rules":{"apply":false,"sent2tg":""},"finish":{"ok":false,"processed":[]},"after":{"result":"441:511"}}}

[2023-05-16 11:24:05]
{"customize_changeset-401-auto-draft":{"before":{"trigger":"wp_insert_post","request_type":"DOING_AUTOSAVE"},"form_data":{"send2tg":null,"override_switch":false},"sv":762,"finish":{"ok":false,"processed":[]},"after":{"result":"441:462:524"}}}

[2023-05-16 11:26:01]
{"customize_changeset-401-auto-draft":{"before":{"trigger":"wp_insert_post","request_type":"DOING_AUTOSAVE"},"form_data":{"send2tg":null,"override_switch":false},"sv":762,"finish":{"ok":false,"processed":[]},"after":{"result":"441:462:524"}}}

[2023-05-16 17:24:40]
{"customize_changeset-402-auto-draft":{"before":{"trigger":"wp_insert_post","request_type":"DOING_AUTOSAVE"},"form_data":{"send2tg":null,"override_switch":false},"sv":762,"finish":{"ok":false,"processed":[]},"after":{"result":"441:462:524"}}}

[2023-05-16 17:26:40]
{"customize_changeset-402-auto-draft":{"before":{"trigger":"wp_insert_post","request_type":"DOING_AUTOSAVE"},"form_data":{"send2tg":null,"override_switch":false},"sv":762,"finish":{"ok":false,"processed":[]},"after":{"result":"441:462:524"}}}

[2023-05-16 17:27:19]
{"customize_changeset-402-trash":{"before":{"trigger":"wp_insert_post","request_type":null},"form_data":{"send2tg":null,"override_switch":false},"sv":772,"finish":{"ok":false,"processed":[]},"after":{"result":"441:462:524"}}}

[2023-05-16 17:27:19]
{"customize_changeset-402-publish":{"before":{"trigger":"wp_insert_post","request_type":null},"form_data":{"send2tg":null,"override_switch":false},"rules":{"apply":false,"sent2tg":""},"finish":{"ok":false,"processed":[]},"after":{"result":"441:511"}}}

[2023-05-16 17:31:32]
{"customize_changeset-404-auto-draft":{"before":{"trigger":"wp_insert_post","request_type":"DOING_AUTOSAVE"},"form_data":{"send2tg":null,"override_switch":false},"sv":762,"finish":{"ok":false,"processed":[]},"after":{"result":"441:462:524"}}}

[2023-05-16 17:32:32]
{"customize_changeset-404-auto-draft":{"before":{"trigger":"wp_insert_post","request_type":"DOING_AUTOSAVE"},"form_data":{"send2tg":null,"override_switch":false},"sv":762,"finish":{"ok":false,"processed":[]},"after":{"result":"441:462:524"}}}

[2023-05-16 17:32:45]
{"customize_changeset-404-auto-draft":{"before":{"trigger":"wp_insert_post","request_type":"DOING_AUTOSAVE"},"form_data":{"send2tg":null,"override_switch":false},"sv":762,"finish":{"ok":false,"processed":[]},"after":{"result":"441:462:524"}}}

[2023-05-16 17:33:50]
{"customize_changeset-404-auto-draft":{"before":{"trigger":"wp_insert_post","request_type":"DOING_AUTOSAVE"},"form_data":{"send2tg":null,"override_switch":false},"sv":762,"finish":{"ok":false,"processed":[]},"after":{"result":"441:462:524"}}}

[2023-05-16 17:34:50]
{"customize_changeset-404-auto-draft":{"before":{"trigger":"wp_insert_post","request_type":"DOING_AUTOSAVE"},"form_data":{"send2tg":null,"override_switch":false},"sv":762,"finish":{"ok":false,"processed":[]},"after":{"result":"441:462:524"}}}

[2023-05-16 17:35:50]
{"customize_changeset-404-auto-draft":{"before":{"trigger":"wp_insert_post","request_type":"DOING_AUTOSAVE"},"form_data":{"send2tg":null,"override_switch":false},"sv":762,"finish":{"ok":false,"processed":[]},"after":{"result":"441:462:524"}}}

[2023-05-16 17:36:06]
{"customize_changeset-404-auto-draft":{"before":{"trigger":"wp_insert_post","request_type":"DOING_AUTOSAVE"},"form_data":{"send2tg":null,"override_switch":false},"sv":762,"finish":{"ok":false,"processed":[]},"after":{"result":"441:462:524"}}}

[2023-05-16 17:38:53]
{"customize_changeset-404-auto-draft":{"before":{"trigger":"wp_insert_post","request_type":"DOING_AUTOSAVE"},"form_data":{"send2tg":null,"override_switch":false},"sv":762,"finish":{"ok":false,"processed":[]},"after":{"result":"441:462:524"}}}

[2023-05-16 17:40:00]
{"customize_changeset-404-trash":{"before":{"trigger":"wp_insert_post","request_type":null},"form_data":{"send2tg":null,"override_switch":false},"sv":772,"finish":{"ok":false,"processed":[]},"after":{"result":"441:462:524"}}}

[2023-05-16 17:40:00]
{"customize_changeset-404-publish":{"before":{"trigger":"wp_insert_post","request_type":null},"form_data":{"send2tg":null,"override_switch":false},"rules":{"apply":false,"sent2tg":""},"finish":{"ok":false,"processed":[]},"after":{"result":"441:511"}}}

[2023-05-16 18:22:18]
{"customize_changeset-406-trash":{"before":{"trigger":"wp_insert_post","request_type":null},"form_data":{"send2tg":null,"override_switch":false},"sv":772,"finish":{"ok":false,"processed":[]},"after":{"result":"441:462:524"}}}

[2023-05-16 18:22:18]
{"customize_changeset-406-publish":{"before":{"trigger":"wp_insert_post","request_type":null},"form_data":{"send2tg":null,"override_switch":false},"rules":{"apply":false,"sent2tg":""},"finish":{"ok":false,"processed":[]},"after":{"result":"441:511"}}}

[2023-05-17 05:11:21]
{"revision-407-inherit":{"before":{"trigger":"wp_insert_post","request_type":"POST_REVISION"},"form_data":{"channels":["@dcwwiki"],"delay":0.5,"disable_notification":false,"override_switch":false,"send2tg":"no","send_featured_image":true,"files":[],"is_from_gb":true},"sv":715,"finish":{"ok":false,"processed":[]},"after":{"result":"441:462:524"}}}

[2023-05-17 05:11:21]
{"tribe_events-389-publish":{"before":{"trigger":"wp_insert_post","request_type":"REST_REQUEST"},"form_data":{"channels":["@dcwwiki"],"delay":0.5,"disable_notification":false,"override_switch":false,"send2tg":"no","send_featured_image":true,"files":[],"is_from_gb":true},"finish":{"ok":false,"processed":[]},"after":{"result":"441:451:495:524"}}}

[2023-05-17 05:11:21]
{"tribe_events-389-publish":{"before":{"trigger":"rest_after_insert","request_type":"REST_REQUEST"},"form_data":{"channels":["@dcwwiki"],"delay":0.5,"disable_notification":false,"override_switch":false,"send2tg":"no","send_featured_image":true,"files":[],"is_from_gb":true},"sv":715,"finish":{"ok":false,"processed":[]},"after":{"result":"441:462:495:524"}}}

[2023-05-17 05:11:21]
{"tribe_events-389-publish":{"before":{"trigger":"wp_insert_post","request_type":"IS_GB_METABOX"},"form_data":{"send2tg":null,"override_switch":false},"sv":720,"finish":{"ok":false,"processed":[]},"after":{"result":"441:462:524"}}}

[2023-05-20 20:56:27]
{"customize_changeset-408-auto-draft":{"before":{"trigger":"wp_insert_post","request_type":"DOING_AUTOSAVE"},"form_data":{"send2tg":null,"override_switch":false},"sv":762,"finish":{"ok":false,"processed":[]},"after":{"result":"441:462:524"}}}

[2023-05-20 20:56:56]
{"customize_changeset-408-trash":{"before":{"trigger":"wp_insert_post","request_type":null},"form_data":{"send2tg":null,"override_switch":false},"sv":772,"finish":{"ok":false,"processed":[]},"after":{"result":"441:462:524"}}}

[2023-05-20 20:56:56]
{"customize_changeset-408-publish":{"before":{"trigger":"wp_insert_post","request_type":null},"form_data":{"send2tg":null,"override_switch":false},"rules":{"apply":false,"sent2tg":""},"finish":{"ok":false,"processed":[]},"after":{"result":"441:511"}}}

[2023-05-22 00:04:03]
{"customize_changeset-409-auto-draft":{"before":{"trigger":"wp_insert_post","request_type":"DOING_AUTOSAVE"},"form_data":{"send2tg":null,"override_switch":false},"sv":762,"finish":{"ok":false,"processed":[]},"after":{"result":"441:462:524"}}}

[2023-05-22 00:06:11]
{"revision-410-inherit":{"before":{"trigger":"wp_insert_post","request_type":"DOING_AUTOSAVE"},"form_data":{"send2tg":null,"override_switch":false},"sv":762,"finish":{"ok":false,"processed":[]},"after":{"result":"441:462:524"}}}

[2023-05-22 00:07:09]
{"revision-411-inherit":{"before":{"trigger":"wp_insert_post","request_type":"POST_REVISION"},"form_data":{"channels":["@dcwwiki"],"delay":0.5,"disable_notification":false,"override_switch":false,"send2tg":"yes","send_featured_image":true,"files":[],"is_from_gb":true},"sv":767,"finish":{"ok":false,"processed":[]},"after":{"result":"441:462:524"}}}

[2023-05-22 00:07:09]
{"page-329-publish":{"before":{"trigger":"wp_insert_post","request_type":"REST_REQUEST"},"form_data":{"channels":["@dcwwiki"],"delay":0.5,"disable_notification":false,"override_switch":false,"send2tg":"yes","send_featured_image":true,"files":[],"is_from_gb":true},"finish":{"ok":false,"processed":[]},"after":{"result":"441:451:524"}}}

[2023-05-22 00:07:09]
{"page-329-publish":{"before":{"trigger":"rest_after_insert","request_type":"REST_REQUEST"},"form_data":{"channels":["@dcwwiki"],"delay":0.5,"disable_notification":false,"override_switch":false,"send2tg":"yes","send_featured_image":true,"files":[],"is_from_gb":true},"rules":{"apply":true,"sent2tg":""},"finish":{"ok":false,"processed":[]},"after":{"result":"delayed 0.5"}}}

[2023-05-22 00:07:09]
{"page-329-publish":{"before":{"trigger":"wp_insert_post","request_type":"IS_GB_METABOX"},"form_data":{"send2tg":null,"override_switch":false},"sv":720,"finish":{"ok":false,"processed":[]},"after":{"result":"441:462:524"}}}

[2023-05-22 00:08:07]
{"customize_changeset-412-trash":{"before":{"trigger":"wp_insert_post","request_type":null},"form_data":{"send2tg":null,"override_switch":false},"sv":772,"finish":{"ok":false,"processed":[]},"after":{"result":"441:462:524"}}}

[2023-05-22 00:08:07]
{"customize_changeset-412-publish":{"before":{"trigger":"wp_insert_post","request_type":null},"form_data":{"send2tg":null,"override_switch":false},"rules":{"apply":false,"sent2tg":""},"finish":{"ok":false,"processed":[]},"after":{"result":"441:511"}}}

[2023-05-22 00:08:16]
{"customize_changeset-413-trash":{"before":{"trigger":"wp_insert_post","request_type":null},"form_data":{"send2tg":null,"override_switch":false},"sv":772,"finish":{"ok":false,"processed":[]},"after":{"result":"441:462:524"}}}

[2023-05-22 00:08:16]
{"customize_changeset-413-publish":{"before":{"trigger":"wp_insert_post","request_type":null},"form_data":{"send2tg":null,"override_switch":false},"rules":{"apply":false,"sent2tg":""},"finish":{"ok":false,"processed":[]},"after":{"result":"441:511"}}}

[2023-05-22 00:09:31]
{"customize_changeset-414-auto-draft":{"before":{"trigger":"wp_insert_post","request_type":"DOING_AUTOSAVE"},"form_data":{"send2tg":null,"override_switch":false},"sv":762,"finish":{"ok":false,"processed":[]},"after":{"result":"441:462:524"}}}

[2023-05-22 00:10:31]
{"customize_changeset-414-auto-draft":{"before":{"trigger":"wp_insert_post","request_type":"DOING_AUTOSAVE"},"form_data":{"send2tg":null,"override_switch":false},"sv":762,"finish":{"ok":false,"processed":[]},"after":{"result":"441:462:524"}}}

[2023-05-22 00:10:52]
{"customize_changeset-414-trash":{"before":{"trigger":"wp_insert_post","request_type":null},"form_data":{"send2tg":null,"override_switch":false},"sv":772,"finish":{"ok":false,"processed":[]},"after":{"result":"441:462:524"}}}

[2023-05-22 00:10:52]
{"customize_changeset-414-publish":{"before":{"trigger":"wp_insert_post","request_type":null},"form_data":{"send2tg":null,"override_switch":false},"rules":{"apply":false,"sent2tg":""},"finish":{"ok":false,"processed":[]},"after":{"result":"441:511"}}}

[2023-05-22 00:12:09]
{"tribe_events-415-auto-draft":{"before":{"trigger":"wp_insert_post","request_type":null},"form_data":{"send2tg":null,"override_switch":false},"sv":772,"finish":{"ok":false,"processed":[]},"after":{"result":"441:462:524"}}}

[2023-05-22 17:17:26]
{"customize_changeset-416-trash":{"before":{"trigger":"wp_insert_post","request_type":null},"form_data":{"send2tg":null,"override_switch":false},"sv":772,"finish":{"ok":false,"processed":[]},"after":{"result":"441:462:524"}}}

[2023-05-22 17:17:26]
{"customize_changeset-416-publish":{"before":{"trigger":"wp_insert_post","request_type":null},"form_data":{"send2tg":null,"override_switch":false},"rules":{"apply":false,"sent2tg":""},"finish":{"ok":false,"processed":[]},"after":{"result":"441:511"}}}

[2023-05-30 16:52:41]
{"post-417-auto-draft":{"before":{"trigger":"wp_insert_post","request_type":null},"form_data":{"send2tg":null,"override_switch":false},"sv":772,"finish":{"ok":false,"processed":[]},"after":{"result":"441:462:524"}}}

[2023-05-30 16:53:07]
{"tribe_events-418-auto-draft":{"before":{"trigger":"wp_insert_post","request_type":null},"form_data":{"send2tg":null,"override_switch":false},"sv":772,"finish":{"ok":false,"processed":[]},"after":{"result":"441:462:524"}}}

[2023-05-30 16:54:51]
{"tribe_events-418-draft":{"before":{"trigger":"wp_insert_post","request_type":"DOING_AUTOSAVE"},"form_data":{"send2tg":null,"override_switch":false},"finish":{"ok":false,"processed":[]},"after":{"result":"441:451:511"}}}

[2023-05-30 16:55:51]
{"tribe_events-418-draft":{"before":{"trigger":"wp_insert_post","request_type":"DOING_AUTOSAVE"},"form_data":{"send2tg":null,"override_switch":false},"finish":{"ok":false,"processed":[]},"after":{"result":"441:451:511"}}}

[2023-05-30 16:56:56]
{"revision-419-inherit":{"before":{"trigger":"wp_insert_post","request_type":"POST_REVISION"},"form_data":{"channels":["@dcwwiki"],"delay":0.5,"disable_notification":false,"override_switch":false,"send2tg":"no","send_featured_image":true,"files":[],"is_from_gb":true},"sv":715,"finish":{"ok":false,"processed":[]},"after":{"result":"441:462:524"}}}

[2023-05-30 16:56:56]
{"tribe_events-418-draft":{"before":{"trigger":"wp_insert_post","request_type":"REST_REQUEST"},"form_data":{"channels":["@dcwwiki"],"delay":0.5,"disable_notification":false,"override_switch":false,"send2tg":"no","send_featured_image":true,"files":[],"is_from_gb":true},"finish":{"ok":false,"processed":[]},"after":{"result":"441:451:495:511"}}}

[2023-05-30 16:56:58]
{"tribe_events-418-draft":{"before":{"trigger":"rest_after_insert","request_type":"REST_REQUEST"},"form_data":{"channels":["@dcwwiki"],"delay":0.5,"disable_notification":false,"override_switch":false,"send2tg":"no","send_featured_image":true,"files":[],"is_from_gb":true},"sv":715,"finish":{"ok":false,"processed":[]},"after":{"result":"441:462:495:511"}}}

[2023-05-30 16:57:10]
{"tribe_events-418-draft":{"before":{"trigger":"wp_insert_post","request_type":"IS_GB_METABOX"},"form_data":{"send2tg":null,"override_switch":false},"sv":720,"finish":{"ok":false,"processed":[]},"after":{"result":"441:462:495:511"}}}

[2023-05-30 16:57:28]
{"tribe_events-418-publish":{"before":{"trigger":"wp_insert_post","request_type":"REST_REQUEST"},"form_data":{"send2tg":null,"override_switch":false},"finish":{"ok":false,"processed":[]},"after":{"result":"441:451:495:524"}}}

[2023-05-30 16:57:28]
{"tribe_events-418-publish":{"before":{"trigger":"rest_after_insert","request_type":"REST_REQUEST"},"form_data":{"send2tg":null,"override_switch":false},"finish":{"ok":false,"processed":[]},"after":{"result":"441:488:495:524"}}}

[2023-05-30 16:57:31]
{"tribe_events-418-publish":{"before":{"trigger":"wp_insert_post","request_type":"IS_GB_METABOX"},"form_data":{"send2tg":null,"override_switch":false},"sv":720,"finish":{"ok":false,"processed":[]},"after":{"result":"441:462:524"}}}

[2023-05-30 16:59:28]
{"customize_changeset-420-auto-draft":{"before":{"trigger":"wp_insert_post","request_type":"DOING_AUTOSAVE"},"form_data":{"send2tg":null,"override_switch":false},"sv":762,"finish":{"ok":false,"processed":[]},"after":{"result":"441:462:524"}}}

[2023-05-30 16:59:44]
{"customize_changeset-420-trash":{"before":{"trigger":"wp_insert_post","request_type":null},"form_data":{"send2tg":null,"override_switch":false},"sv":772,"finish":{"ok":false,"processed":[]},"after":{"result":"441:462:524"}}}

[2023-05-30 16:59:44]
{"customize_changeset-420-publish":{"before":{"trigger":"wp_insert_post","request_type":null},"form_data":{"send2tg":null,"override_switch":false},"rules":{"apply":false,"sent2tg":""},"finish":{"ok":false,"processed":[]},"after":{"result":"441:511"}}}

[2023-05-30 17:00:24]
{"customize_changeset-421-trash":{"before":{"trigger":"wp_insert_post","request_type":null},"form_data":{"send2tg":null,"override_switch":false},"sv":772,"finish":{"ok":false,"processed":[]},"after":{"result":"441:462:524"}}}

[2023-05-30 17:00:24]
{"customize_changeset-421-publish":{"before":{"trigger":"wp_insert_post","request_type":null},"form_data":{"send2tg":null,"override_switch":false},"rules":{"apply":false,"sent2tg":""},"finish":{"ok":false,"processed":[]},"after":{"result":"441:511"}}}

[2023-05-30 17:00:58]
{"customize_changeset-422-trash":{"before":{"trigger":"wp_insert_post","request_type":null},"form_data":{"send2tg":null,"override_switch":false},"sv":772,"finish":{"ok":false,"processed":[]},"after":{"result":"441:462:524"}}}

[2023-05-30 17:00:58]
{"customize_changeset-422-publish":{"before":{"trigger":"wp_insert_post","request_type":null},"form_data":{"send2tg":null,"override_switch":false},"rules":{"apply":false,"sent2tg":""},"finish":{"ok":false,"processed":[]},"after":{"result":"441:511"}}}

[2023-06-01 10:09:16]
{"customize_changeset-423-trash":{"before":{"trigger":"wp_insert_post","request_type":null},"form_data":{"send2tg":null,"override_switch":false},"sv":772,"finish":{"ok":false,"processed":[]},"after":{"result":"441:462:524"}}}

[2023-06-01 10:09:16]
{"customize_changeset-423-publish":{"before":{"trigger":"wp_insert_post","request_type":null},"form_data":{"send2tg":null,"override_switch":false},"rules":{"apply":false,"sent2tg":""},"finish":{"ok":false,"processed":[]},"after":{"result":"441:511"}}}

[2023-06-01 10:14:56]
{"revision-424-inherit":{"before":{"trigger":"wp_insert_post","request_type":"POST_REVISION"},"form_data":{"channels":["@dcwwiki"],"delay":0.5,"disable_notification":false,"override_switch":false,"send2tg":"yes","send_featured_image":true,"files":[],"is_from_gb":true},"sv":767,"finish":{"ok":false,"processed":[]},"after":{"result":"441:462:524"}}}

[2023-06-01 10:14:56]
{"tribe_events-418-publish":{"before":{"trigger":"wp_insert_post","request_type":"REST_REQUEST"},"form_data":{"channels":["@dcwwiki"],"delay":0.5,"disable_notification":false,"override_switch":false,"send2tg":"yes","send_featured_image":true,"files":[],"is_from_gb":true},"finish":{"ok":false,"processed":[]},"after":{"result":"441:451:524"}}}

[2023-06-01 10:14:56]
{"tribe_events-418-publish":{"before":{"trigger":"rest_after_insert","request_type":"REST_REQUEST"},"form_data":{"channels":["@dcwwiki"],"delay":0.5,"disable_notification":false,"override_switch":false,"send2tg":"yes","send_featured_image":true,"files":[],"is_from_gb":true},"rules":{"apply":true,"sent2tg":""},"finish":{"ok":false,"processed":[]},"after":{"result":"delayed 0.5"}}}

[2023-06-01 10:14:56]
{"tribe_events-418-publish":{"before":{"trigger":"wp_insert_post","request_type":"IS_GB_METABOX"},"form_data":{"send2tg":null,"override_switch":false},"sv":720,"finish":{"ok":false,"processed":[]},"after":{"result":"441:462:524"}}}

[2023-06-01 11:06:57]
{"tribe_events-418-publish":{"before":{"trigger":"delayed_post","request_type":"DOING_CRON"},"form_data":{"send2tg":null,"override_switch":false},"rules":{"apply":true,"sent2tg":""},"image_source":{"send_image":true,"has_image":false,"send_by_url":false,"source":""},"finish":{"ok":true,"processed":[418]},"after":{"result":{"@dcwwiki":[{"ok":true,"result":{"message_id":57,"sender_chat":{"id":-1001519093862,"title":"Deoband Community Wikimedia","username":"dcwwiki","type":"channel"},"chat":{"id":-1001519093862,"title":"Deoband Community Wikimedia","username":"dcwwiki","type":"channel"},"date":1685597816,"text":"DCW Conversation Hour June 2023\n\nhttps:\/\/hour.dcwwiki.org\/event\/dcw-conversation-hour-june-2023\/","entities":[{"offset":33,"length":63,"type":"url"}],"reply_markup":{"inline_keyboard":[[{"text":"\ud83d\udd17 View Post","url":"https:\/\/hour.dcwwiki.org\/event\/dcw-conversation-hour-june-2023\/"}]]}}}]}}}}

[2023-06-03 15:06:42]
{"customize_changeset-426-auto-draft":{"before":{"trigger":"wp_insert_post","request_type":"DOING_AUTOSAVE"},"form_data":{"send2tg":null,"override_switch":false},"sv":762,"finish":{"ok":false,"processed":[]},"after":{"result":"441:462:524"}}}

[2023-06-03 15:07:25]
{"customize_changeset-426-auto-draft":{"before":{"trigger":"wp_insert_post","request_type":"DOING_AUTOSAVE"},"form_data":{"send2tg":null,"override_switch":false},"sv":762,"finish":{"ok":false,"processed":[]},"after":{"result":"441:462:524"}}}

[2023-06-03 15:08:12]
{"customize_changeset-426-auto-draft":{"before":{"trigger":"wp_insert_post","request_type":"DOING_AUTOSAVE"},"form_data":{"send2tg":null,"override_switch":false},"sv":762,"finish":{"ok":false,"processed":[]},"after":{"result":"441:462:524"}}}

[2023-06-03 15:08:57]
{"customize_changeset-426-trash":{"before":{"trigger":"wp_insert_post","request_type":null},"form_data":{"send2tg":null,"override_switch":false},"sv":772,"finish":{"ok":false,"processed":[]},"after":{"result":"441:462:524"}}}

[2023-06-03 15:08:57]
{"customize_changeset-426-publish":{"before":{"trigger":"wp_insert_post","request_type":null},"form_data":{"send2tg":null,"override_switch":false},"rules":{"apply":false,"sent2tg":""},"finish":{"ok":false,"processed":[]},"after":{"result":"441:511"}}}

[2023-06-05 11:15:24]
{"customize_changeset-427-auto-draft":{"before":{"trigger":"wp_insert_post","request_type":"DOING_AUTOSAVE"},"form_data":{"send2tg":null,"override_switch":false},"sv":762,"finish":{"ok":false,"processed":[]},"after":{"result":"441:462:524"}}}

[2023-06-05 11:15:55]
{"customize_changeset-427-auto-draft":{"before":{"trigger":"wp_insert_post","request_type":"DOING_AUTOSAVE"},"form_data":{"send2tg":null,"override_switch":false},"sv":762,"finish":{"ok":false,"processed":[]},"after":{"result":"441:462:524"}}}

[2023-06-05 11:16:29]
{"customize_changeset-427-trash":{"before":{"trigger":"wp_insert_post","request_type":null},"form_data":{"send2tg":null,"override_switch":false},"sv":772,"finish":{"ok":false,"processed":[]},"after":{"result":"441:462:524"}}}

[2023-06-05 11:16:29]
{"customize_changeset-427-publish":{"before":{"trigger":"wp_insert_post","request_type":null},"form_data":{"send2tg":null,"override_switch":false},"rules":{"apply":false,"sent2tg":""},"finish":{"ok":false,"processed":[]},"after":{"result":"441:511"}}}

[2023-06-11 12:36:01]
{"tribe_events-428-auto-draft":{"before":{"trigger":"wp_insert_post","request_type":null},"form_data":{"send2tg":null,"override_switch":false},"sv":772,"finish":{"ok":false,"processed":[]},"after":{"result":"441:462:524"}}}

[2023-06-11 12:37:28]
{"tribe_events-428-draft":{"before":{"trigger":"wp_insert_post","request_type":"DOING_AUTOSAVE"},"form_data":{"send2tg":null,"override_switch":false},"finish":{"ok":false,"processed":[]},"after":{"result":"441:451:511"}}}

[2023-06-11 12:38:28]
{"tribe_events-428-draft":{"before":{"trigger":"wp_insert_post","request_type":"DOING_AUTOSAVE"},"form_data":{"send2tg":null,"override_switch":false},"finish":{"ok":false,"processed":[]},"after":{"result":"441:451:511"}}}

[2023-06-11 12:39:29]
{"tribe_events-428-draft":{"before":{"trigger":"wp_insert_post","request_type":"DOING_AUTOSAVE"},"form_data":{"send2tg":null,"override_switch":false},"finish":{"ok":false,"processed":[]},"after":{"result":"441:451:511"}}}

[2023-06-11 12:40:30]
{"tribe_events-428-draft":{"before":{"trigger":"wp_insert_post","request_type":"DOING_AUTOSAVE"},"form_data":{"send2tg":null,"override_switch":false},"finish":{"ok":false,"processed":[]},"after":{"result":"441:451:511"}}}

[2023-06-11 12:40:43]
{"revision-429-inherit":{"before":{"trigger":"wp_insert_post","request_type":"POST_REVISION"},"form_data":{"channels":["@dcwwiki"],"delay":0.5,"disable_notification":false,"override_switch":false,"send2tg":"no","send_featured_image":true,"files":[],"is_from_gb":true},"sv":715,"finish":{"ok":false,"processed":[]},"after":{"result":"441:462:524"}}}

[2023-06-11 12:40:43]
{"tribe_events-428-publish":{"before":{"trigger":"wp_insert_post","request_type":"REST_REQUEST"},"form_data":{"channels":["@dcwwiki"],"delay":0.5,"disable_notification":false,"override_switch":false,"send2tg":"no","send_featured_image":true,"files":[],"is_from_gb":true},"finish":{"ok":false,"processed":[]},"after":{"result":"441:451:495:524"}}}

[2023-06-11 12:40:43]
{"tribe_events-428-publish":{"before":{"trigger":"rest_after_insert","request_type":"REST_REQUEST"},"form_data":{"channels":["@dcwwiki"],"delay":0.5,"disable_notification":false,"override_switch":false,"send2tg":"no","send_featured_image":true,"files":[],"is_from_gb":true},"sv":715,"finish":{"ok":false,"processed":[]},"after":{"result":"441:462:495:524"}}}

[2023-06-11 12:40:44]
{"tribe_events-428-publish":{"before":{"trigger":"wp_insert_post","request_type":"IS_GB_METABOX"},"form_data":{"send2tg":null,"override_switch":false},"sv":720,"finish":{"ok":false,"processed":[]},"after":{"result":"441:462:524"}}}

[2023-06-12 22:45:36]
{"customize_changeset-431-auto-draft":{"before":{"trigger":"wp_insert_post","request_type":"DOING_AUTOSAVE"},"form_data":{"send2tg":null,"override_switch":false},"sv":762,"finish":{"ok":false,"processed":[]},"after":{"result":"441:462:524"}}}

[2023-06-12 22:45:52]
{"customize_changeset-431-trash":{"before":{"trigger":"wp_insert_post","request_type":null},"form_data":{"send2tg":null,"override_switch":false},"sv":772,"finish":{"ok":false,"processed":[]},"after":{"result":"441:462:524"}}}

[2023-06-12 22:45:52]
{"customize_changeset-431-publish":{"before":{"trigger":"wp_insert_post","request_type":null},"form_data":{"send2tg":null,"override_switch":false},"rules":{"apply":false,"sent2tg":""},"finish":{"ok":false,"processed":[]},"after":{"result":"441:511"}}}

[2023-06-12 22:46:36]
{"customize_changeset-432-auto-draft":{"before":{"trigger":"wp_insert_post","request_type":"DOING_AUTOSAVE"},"form_data":{"send2tg":null,"override_switch":false},"sv":762,"finish":{"ok":false,"processed":[]},"after":{"result":"441:462:524"}}}

[2023-06-12 22:46:44]
{"customize_changeset-432-trash":{"before":{"trigger":"wp_insert_post","request_type":null},"form_data":{"send2tg":null,"override_switch":false},"sv":772,"finish":{"ok":false,"processed":[]},"after":{"result":"441:462:524"}}}

[2023-06-12 22:46:44]
{"customize_changeset-432-publish":{"before":{"trigger":"wp_insert_post","request_type":null},"form_data":{"send2tg":null,"override_switch":false},"rules":{"apply":false,"sent2tg":""},"finish":{"ok":false,"processed":[]},"after":{"result":"441:511"}}}

[2023-06-15 11:07:40]
{"post-433-auto-draft":{"before":{"trigger":"wp_insert_post","request_type":null},"form_data":{"send2tg":null,"override_switch":false},"sv":772,"finish":{"ok":false,"processed":[]},"after":{"result":"441:462:524"}}}

[2023-06-15 12:11:44]
{"revision-435-inherit":{"before":{"trigger":"wp_insert_post","request_type":"DOING_AUTOSAVE"},"form_data":{"send2tg":null,"override_switch":false},"sv":762,"finish":{"ok":false,"processed":[]},"after":{"result":"441:462:524"}}}

[2023-06-15 12:12:45]
{"revision-435-inherit":{"before":{"trigger":"wp_insert_post","request_type":"DOING_AUTOSAVE"},"form_data":{"send2tg":null,"override_switch":false},"sv":762,"finish":{"ok":false,"processed":[]},"after":{"result":"441:462:524"}}}

[2023-06-15 12:13:08]
{"revision-436-inherit":{"before":{"trigger":"wp_insert_post","request_type":"POST_REVISION"},"form_data":{"channels":["@dcwwiki"],"delay":0.5,"disable_notification":false,"override_switch":false,"send2tg":"yes","send_featured_image":true,"files":[],"is_from_gb":true},"sv":767,"finish":{"ok":false,"processed":[]},"after":{"result":"441:462:524"}}}

[2023-06-15 12:13:08]
{"tribe_events-418-publish":{"before":{"trigger":"wp_insert_post","request_type":"REST_REQUEST"},"form_data":{"channels":["@dcwwiki"],"delay":0.5,"disable_notification":false,"override_switch":false,"send2tg":"yes","send_featured_image":true,"files":[],"is_from_gb":true},"finish":{"ok":false,"processed":[]},"after":{"result":"441:451:524"}}}

[2023-06-15 12:13:08]
{"tribe_events-418-publish":{"before":{"trigger":"rest_after_insert","request_type":"REST_REQUEST"},"form_data":{"channels":["@dcwwiki"],"delay":0.5,"disable_notification":false,"override_switch":false,"send2tg":"yes","send_featured_image":true,"files":[],"is_from_gb":true},"rules":{"apply":true,"sent2tg":"2023-06-01 11:06:57"},"finish":{"ok":false,"processed":[]},"after":{"result":"delayed 0.5"}}}

[2023-06-15 12:13:09]
{"tribe_events-418-publish":{"before":{"trigger":"wp_insert_post","request_type":"IS_GB_METABOX"},"form_data":{"send2tg":null,"override_switch":false},"sv":720,"finish":{"ok":false,"processed":[]},"after":{"result":"441:462:524"}}}

[2023-06-15 12:13:47]
{"tribe_events-418-publish":{"before":{"trigger":"delayed_post","request_type":"DOING_CRON"},"form_data":{"send2tg":null,"override_switch":false},"rules":{"apply":true,"sent2tg":"2023-06-01 11:06:57"},"image_source":{"send_image":true,"has_image":false,"send_by_url":false,"source":""},"finish":{"ok":true,"processed":[418]},"after":{"result":{"@dcwwiki":[{"ok":true,"result":{"message_id":63,"sender_chat":{"id":-1001519093862,"title":"Deoband Community Wikimedia","username":"dcwwiki","type":"channel"},"chat":{"id":-1001519093862,"title":"Deoband Community Wikimedia","username":"dcwwiki","type":"channel"},"date":1686811426,"text":"DCW Conversation Hour June 2023\n\nhttps:\/\/hour.dcwwiki.org\/event\/dcw-conversation-hour-june-2023\/","entities":[{"offset":33,"length":63,"type":"url"}],"reply_markup":{"inline_keyboard":[[{"text":"\ud83d\udd17 View Post","url":"https:\/\/hour.dcwwiki.org\/event\/dcw-conversation-hour-june-2023\/"}]]}}}]}}}}

[2023-06-15 12:14:24]
{"revision-437-inherit":{"before":{"trigger":"wp_insert_post","request_type":"DOING_AUTOSAVE"},"form_data":{"send2tg":null,"override_switch":false},"sv":762,"finish":{"ok":false,"processed":[]},"after":{"result":"441:462:524"}}}

[2023-06-15 12:14:43]
{"revision-438-inherit":{"before":{"trigger":"wp_insert_post","request_type":"POST_REVISION"},"form_data":{"channels":["@dcwwiki"],"delay":0.5,"disable_notification":false,"override_switch":false,"send2tg":"yes","send_featured_image":true,"files":[],"is_from_gb":true},"sv":767,"finish":{"ok":false,"processed":[]},"after":{"result":"441:462:524"}}}

[2023-06-15 12:14:43]
{"tribe_events-418-publish":{"before":{"trigger":"wp_insert_post","request_type":"REST_REQUEST"},"form_data":{"channels":["@dcwwiki"],"delay":0.5,"disable_notification":false,"override_switch":false,"send2tg":"yes","send_featured_image":true,"files":[],"is_from_gb":true},"finish":{"ok":false,"processed":[]},"after":{"result":"441:451:524"}}}

[2023-06-15 12:14:43]
{"tribe_events-418-publish":{"before":{"trigger":"rest_after_insert","request_type":"REST_REQUEST"},"form_data":{"channels":["@dcwwiki"],"delay":0.5,"disable_notification":false,"override_switch":false,"send2tg":"yes","send_featured_image":true,"files":[],"is_from_gb":true},"rules":{"apply":true,"sent2tg":"2023-06-15 12:13:47"},"finish":{"ok":false,"processed":[]},"after":{"result":"delayed 0.5"}}}

[2023-06-15 12:14:43]
{"tribe_events-418-publish":{"before":{"trigger":"wp_insert_post","request_type":"IS_GB_METABOX"},"form_data":{"send2tg":null,"override_switch":false},"sv":720,"finish":{"ok":false,"processed":[]},"after":{"result":"441:462:524"}}}

[2023-06-15 12:15:46]
{"tribe_events-418-publish":{"before":{"trigger":"delayed_post","request_type":"DOING_CRON"},"form_data":{"send2tg":null,"override_switch":false},"rules":{"apply":true,"sent2tg":"2023-06-15 12:13:47"},"image_source":{"send_image":true,"has_image":false,"send_by_url":false,"source":""},"finish":{"ok":true,"processed":[418]},"after":{"result":{"@dcwwiki":[{"ok":true,"result":{"message_id":64,"sender_chat":{"id":-1001519093862,"title":"Deoband Community Wikimedia","username":"dcwwiki","type":"channel"},"chat":{"id":-1001519093862,"title":"Deoband Community Wikimedia","username":"dcwwiki","type":"channel"},"date":1686811546,"text":"DCW Conversation Hour June 2023\n\nIn the June Conversation Hour, we will learn about how strategic brand equity building and public relation activities can help communities and affiliates to amplify the impact of their Wikipedia projects. The guest speaker is Chitraparna Sinha, the Founder and Director of Lekhak.xyz, which draws its inspiration from the ancient art of storytelling to build brand equity.\n\nhttps:\/\/hour.dcwwiki.org\/event\/dcw-conversation-hour-june-2023\/","entities":[{"offset":306,"length":10,"type":"url"},{"offset":407,"length":63,"type":"url"}],"reply_markup":{"inline_keyboard":[[{"text":"\ud83d\udd17 View Post","url":"https:\/\/hour.dcwwiki.org\/event\/dcw-conversation-hour-june-2023\/"}]]}}}]}}}}

[2023-06-15 12:22:51]
{"revision-439-inherit":{"before":{"trigger":"wp_insert_post","request_type":"DOING_AUTOSAVE"},"form_data":{"send2tg":null,"override_switch":false},"sv":762,"finish":{"ok":false,"processed":[]},"after":{"result":"441:462:524"}}}

[2023-06-15 12:23:54]
{"revision-439-inherit":{"before":{"trigger":"wp_insert_post","request_type":"DOING_AUTOSAVE"},"form_data":{"send2tg":null,"override_switch":false},"sv":762,"finish":{"ok":false,"processed":[]},"after":{"result":"441:462:524"}}}

[2023-06-15 12:24:50]
{"revision-440-inherit":{"before":{"trigger":"wp_insert_post","request_type":"POST_REVISION"},"form_data":{"channels":["@dcwwiki"],"delay":0.5,"disable_notification":false,"override_switch":false,"send2tg":"yes","send_featured_image":true,"files":[],"is_from_gb":true},"sv":767,"finish":{"ok":false,"processed":[]},"after":{"result":"441:462:524"}}}

[2023-06-15 12:24:52]
{"tribe_events-418-publish":{"before":{"trigger":"wp_insert_post","request_type":"REST_REQUEST"},"form_data":{"channels":["@dcwwiki"],"delay":0.5,"disable_notification":false,"override_switch":false,"send2tg":"yes","send_featured_image":true,"files":[],"is_from_gb":true},"finish":{"ok":false,"processed":[]},"after":{"result":"441:451:524"}}}

[2023-06-15 12:24:57]
{"tribe_events-418-publish":{"before":{"trigger":"rest_after_insert","request_type":"REST_REQUEST"},"form_data":{"channels":["@dcwwiki"],"delay":0.5,"disable_notification":false,"override_switch":false,"send2tg":"yes","send_featured_image":true,"files":[],"is_from_gb":true},"rules":{"apply":true,"sent2tg":"2023-06-15 12:15:46"},"finish":{"ok":false,"processed":[]},"after":{"result":"delayed 0.5"}}}

[2023-06-15 12:25:04]
{"tribe_events-418-publish":{"before":{"trigger":"wp_insert_post","request_type":"IS_GB_METABOX"},"form_data":{"send2tg":null,"override_switch":false},"sv":720,"finish":{"ok":false,"processed":[]},"after":{"result":"441:462:524"}}}

[2023-06-15 12:25:39]
{"tribe_events-418-publish":{"before":{"trigger":"delayed_post","request_type":"DOING_CRON"},"form_data":{"send2tg":null,"override_switch":false},"rules":{"apply":true,"sent2tg":"2023-06-15 12:15:46"},"image_source":{"send_image":true,"has_image":true,"send_by_url":false,"source":"\/home\/u572932744\/domains\/dcwwiki.org\/public_html\/hour\/wp-content\/uploads\/2023\/05\/20230615_115705_0000.png"},"finish":{"ok":true,"processed":[418]},"after":{"result":{"@dcwwiki":[{"ok":true,"result":{"message_id":66,"sender_chat":{"id":-1001519093862,"title":"Deoband Community Wikimedia","username":"dcwwiki","type":"channel"},"chat":{"id":-1001519093862,"title":"Deoband Community Wikimedia","username":"dcwwiki","type":"channel"},"date":1686812137,"photo":[{"file_id":"AgACAgUAAx0EWouIZgADQmSKterjPJsED1imPmGLbGfenC8KAALCtTEbgPdZVGRzfEwKaPx5AQADAgADcwADLwQ","file_unique_id":"AQADwrUxG4D3WVR4","file_size":1795,"width":90,"height":90},{"file_id":"AgACAgUAAx0EWouIZgADQmSKterjPJsED1imPmGLbGfenC8KAALCtTEbgPdZVGRzfEwKaPx5AQADAgADbQADLwQ","file_unique_id":"AQADwrUxG4D3WVRy","file_size":25031,"width":320,"height":320},{"file_id":"AgACAgUAAx0EWouIZgADQmSKterjPJsED1imPmGLbGfenC8KAALCtTEbgPdZVGRzfEwKaPx5AQADAgADeAADLwQ","file_unique_id":"AQADwrUxG4D3WVR9","file_size":101745,"width":800,"height":800},{"file_id":"AgACAgUAAx0EWouIZgADQmSKterjPJsED1imPmGLbGfenC8KAALCtTEbgPdZVGRzfEwKaPx5AQADAgADeQADLwQ","file_unique_id":"AQADwrUxG4D3WVR-","file_size":151954,"width":1080,"height":1080}],"caption":"DCW Conversation Hour June 2023\n\nThe focus of this DCW\u2019s June 2023 conversation hour is to learn about how strategic brand equity building and public relation activities can help communities and affiliates to amplify the impact of their Wikipedia projects. Guest Speaker is Chitraparna Sinha, the Founder and Director of Lekhak.xyz, which draws its inspiration from the ancient art of storytelling to build brand equity.\n\nhttps:\/\/hour.dcwwiki.org\/event\/dcw-conversation-hour-june-2023\/","caption_entities":[{"offset":321,"length":10,"type":"url"},{"offset":422,"length":63,"type":"url"}],"reply_markup":{"inline_keyboard":[[{"text":"\ud83d\udd17 View Post","url":"https:\/\/hour.dcwwiki.org\/event\/dcw-conversation-hour-june-2023\/"}]]}}}]}}}}

[2023-06-15 12:25:39]
{"tribe_events-418-publish":{"before":{"trigger":"delayed_post","request_type":"DOING_CRON"},"form_data":{"send2tg":null,"override_switch":false},"rules":{"apply":true,"sent2tg":"2023-06-15 12:15:46"},"image_source":{"send_image":true,"has_image":true,"send_by_url":false,"source":"\/home\/u572932744\/domains\/dcwwiki.org\/public_html\/hour\/wp-content\/uploads\/2023\/05\/20230615_115705_0000.png"},"finish":{"ok":true,"processed":[418]},"after":{"result":{"@dcwwiki":[{"ok":true,"result":{"message_id":65,"sender_chat":{"id":-1001519093862,"title":"Deoband Community Wikimedia","username":"dcwwiki","type":"channel"},"chat":{"id":-1001519093862,"title":"Deoband Community Wikimedia","username":"dcwwiki","type":"channel"},"date":1686812137,"photo":[{"file_id":"AgACAgUAAx0EWouIZgADQWSKteq7cgdfiUbq9xw0QC_vN9GeAALCtTEbgPdZVGRzfEwKaPx5AQADAgADcwADLwQ","file_unique_id":"AQADwrUxG4D3WVR4","file_size":1795,"width":90,"height":90},{"file_id":"AgACAgUAAx0EWouIZgADQWSKteq7cgdfiUbq9xw0QC_vN9GeAALCtTEbgPdZVGRzfEwKaPx5AQADAgADbQADLwQ","file_unique_id":"AQADwrUxG4D3WVRy","file_size":25031,"width":320,"height":320},{"file_id":"AgACAgUAAx0EWouIZgADQWSKteq7cgdfiUbq9xw0QC_vN9GeAALCtTEbgPdZVGRzfEwKaPx5AQADAgADeAADLwQ","file_unique_id":"AQADwrUxG4D3WVR9","file_size":101745,"width":800,"height":800},{"file_id":"AgACAgUAAx0EWouIZgADQWSKteq7cgdfiUbq9xw0QC_vN9GeAALCtTEbgPdZVGRzfEwKaPx5AQADAgADeQADLwQ","file_unique_id":"AQADwrUxG4D3WVR-","file_size":151954,"width":1080,"height":1080}],"caption":"DCW Conversation Hour June 2023\n\nThe focus of this DCW\u2019s June 2023 conversation hour is to learn about how strategic brand equity building and public relation activities can help communities and affiliates to amplify the impact of their Wikipedia projects. Guest Speaker is Chitraparna Sinha, the Founder and Director of Lekhak.xyz, which draws its inspiration from the ancient art of storytelling to build brand equity.\n\nhttps:\/\/hour.dcwwiki.org\/event\/dcw-conversation-hour-june-2023\/","caption_entities":[{"offset":321,"length":10,"type":"url"},{"offset":422,"length":63,"type":"url"}],"reply_markup":{"inline_keyboard":[[{"text":"\ud83d\udd17 View Post","url":"https:\/\/hour.dcwwiki.org\/event\/dcw-conversation-hour-june-2023\/"}]]}}}]}}}}

[2023-06-15 12:26:05]
{"revision-441-inherit":{"before":{"trigger":"wp_insert_post","request_type":"POST_REVISION"},"form_data":{"channels":["@dcwwiki"],"delay":0.5,"disable_notification":false,"override_switch":false,"send2tg":"no","send_featured_image":true,"files":[],"is_from_gb":true},"sv":715,"finish":{"ok":false,"processed":[]},"after":{"result":"441:462:524"}}}

[2023-06-15 12:26:05]
{"tribe_events-418-publish":{"before":{"trigger":"wp_insert_post","request_type":"REST_REQUEST"},"form_data":{"channels":["@dcwwiki"],"delay":0.5,"disable_notification":false,"override_switch":false,"send2tg":"no","send_featured_image":true,"files":[],"is_from_gb":true},"finish":{"ok":false,"processed":[]},"after":{"result":"441:451:495:524"}}}

[2023-06-15 12:26:05]
{"tribe_events-418-publish":{"before":{"trigger":"rest_after_insert","request_type":"REST_REQUEST"},"form_data":{"channels":["@dcwwiki"],"delay":0.5,"disable_notification":false,"override_switch":false,"send2tg":"no","send_featured_image":true,"files":[],"is_from_gb":true},"sv":715,"finish":{"ok":false,"processed":[]},"after":{"result":"441:462:495:524"}}}

[2023-06-15 12:26:06]
{"tribe_events-418-publish":{"before":{"trigger":"wp_insert_post","request_type":"IS_GB_METABOX"},"form_data":{"send2tg":null,"override_switch":false},"sv":720,"finish":{"ok":false,"processed":[]},"after":{"result":"441:462:524"}}}

[2023-06-15 12:26:11]
{"tribe_events-418-publish":{"before":{"trigger":"delayed_post","request_type":"DOING_CRON"},"form_data":{"send2tg":null,"override_switch":false},"rules":{"apply":true,"sent2tg":"2023-06-15 12:25:38"},"image_source":{"send_image":true,"has_image":true,"send_by_url":false,"source":"\/home\/u572932744\/domains\/dcwwiki.org\/public_html\/hour\/wp-content\/uploads\/2023\/05\/20230615_115705_0000.png"},"finish":{"ok":true,"processed":[418]},"after":{"result":{"@dcwwiki":[{"ok":true,"result":{"message_id":67,"sender_chat":{"id":-1001519093862,"title":"Deoband Community Wikimedia","username":"dcwwiki","type":"channel"},"chat":{"id":-1001519093862,"title":"Deoband Community Wikimedia","username":"dcwwiki","type":"channel"},"date":1686812167,"photo":[{"file_id":"AgACAgUAAx0EWouIZgADQ2SKtgZXZ3dxg5TLzDrQppBspT8fAALCtTEbgPdZVGRzfEwKaPx5AQADAgADcwADLwQ","file_unique_id":"AQADwrUxG4D3WVR4","file_size":1795,"width":90,"height":90},{"file_id":"AgACAgUAAx0EWouIZgADQ2SKtgZXZ3dxg5TLzDrQppBspT8fAALCtTEbgPdZVGRzfEwKaPx5AQADAgADbQADLwQ","file_unique_id":"AQADwrUxG4D3WVRy","file_size":25031,"width":320,"height":320},{"file_id":"AgACAgUAAx0EWouIZgADQ2SKtgZXZ3dxg5TLzDrQppBspT8fAALCtTEbgPdZVGRzfEwKaPx5AQADAgADeAADLwQ","file_unique_id":"AQADwrUxG4D3WVR9","file_size":101745,"width":800,"height":800},{"file_id":"AgACAgUAAx0EWouIZgADQ2SKtgZXZ3dxg5TLzDrQppBspT8fAALCtTEbgPdZVGRzfEwKaPx5AQADAgADeQADLwQ","file_unique_id":"AQADwrUxG4D3WVR-","file_size":151954,"width":1080,"height":1080}],"caption":"DCW Conversation Hour June 2023\n\nThe focus of this DCW\u2019s June 2023 conversation hour is to learn about how strategic brand equity building and public relation activities can help communities and affiliates to amplify the impact of their Wikipedia projects. Guest Speaker is Chitraparna Sinha, the Founder and Director of Lekhak.xyz, which draws its inspiration from the ancient art of storytelling to build brand equity.\n\nhttps:\/\/hour.dcwwiki.org\/event\/dcw-conversation-hour-june-2023\/","caption_entities":[{"offset":321,"length":10,"type":"url"},{"offset":422,"length":63,"type":"url"}],"reply_markup":{"inline_keyboard":[[{"text":"\ud83d\udd17 View Post","url":"https:\/\/hour.dcwwiki.org\/event\/dcw-conversation-hour-june-2023\/"}]]}}}]}}}}

[2023-06-15 14:53:41]
{"customize_changeset-442-auto-draft":{"before":{"trigger":"wp_insert_post","request_type":"DOING_AUTOSAVE"},"form_data":{"send2tg":null,"override_switch":false},"sv":762,"finish":{"ok":false,"processed":[]},"after":{"result":"441:462:524"}}}

[2023-06-15 14:54:00]
{"customize_changeset-442-trash":{"before":{"trigger":"wp_insert_post","request_type":null},"form_data":{"send2tg":null,"override_switch":false},"sv":772,"finish":{"ok":false,"processed":[]},"after":{"result":"441:462:524"}}}

[2023-06-15 14:54:00]
{"customize_changeset-442-publish":{"before":{"trigger":"wp_insert_post","request_type":null},"form_data":{"send2tg":null,"override_switch":false},"rules":{"apply":false,"sent2tg":""},"finish":{"ok":false,"processed":[]},"after":{"result":"441:511"}}}

[2023-06-16 11:22:49]
{"revision-443-inherit":{"before":{"trigger":"wp_insert_post","request_type":"DOING_AUTOSAVE"},"form_data":{"send2tg":null,"override_switch":false},"sv":762,"finish":{"ok":false,"processed":[]},"after":{"result":"441:462:524"}}}

[2023-06-16 11:23:38]
{"revision-443-inherit":{"before":{"trigger":"wp_insert_post","request_type":"DOING_AUTOSAVE"},"form_data":{"send2tg":null,"override_switch":false},"sv":762,"finish":{"ok":false,"processed":[]},"after":{"result":"441:462:524"}}}

[2023-06-16 11:24:49]
{"revision-443-inherit":{"before":{"trigger":"wp_insert_post","request_type":"DOING_AUTOSAVE"},"form_data":{"send2tg":null,"override_switch":false},"sv":762,"finish":{"ok":false,"processed":[]},"after":{"result":"441:462:524"}}}

[2023-06-16 11:25:22]
{"revision-443-inherit":{"before":{"trigger":"wp_insert_post","request_type":"DOING_AUTOSAVE"},"form_data":{"send2tg":null,"override_switch":false},"sv":762,"finish":{"ok":false,"processed":[]},"after":{"result":"441:462:524"}}}

[2023-06-16 11:26:49]
{"revision-443-inherit":{"before":{"trigger":"wp_insert_post","request_type":"DOING_AUTOSAVE"},"form_data":{"send2tg":null,"override_switch":false},"sv":762,"finish":{"ok":false,"processed":[]},"after":{"result":"441:462:524"}}}

[2023-06-16 11:27:27]
{"revision-444-inherit":{"before":{"trigger":"wp_insert_post","request_type":"POST_REVISION"},"form_data":{"channels":["@dcwwiki"],"delay":0.5,"disable_notification":false,"override_switch":false,"send2tg":"no","send_featured_image":true,"files":[],"is_from_gb":true},"sv":715,"finish":{"ok":false,"processed":[]},"after":{"result":"441:462:524"}}}

[2023-06-16 11:27:27]
{"tribe_events-418-publish":{"before":{"trigger":"wp_insert_post","request_type":"REST_REQUEST"},"form_data":{"channels":["@dcwwiki"],"delay":0.5,"disable_notification":false,"override_switch":false,"send2tg":"no","send_featured_image":true,"files":[],"is_from_gb":true},"finish":{"ok":false,"processed":[]},"after":{"result":"441:451:495:524"}}}

[2023-06-16 11:27:27]
{"tribe_events-418-publish":{"before":{"trigger":"rest_after_insert","request_type":"REST_REQUEST"},"form_data":{"channels":["@dcwwiki"],"delay":0.5,"disable_notification":false,"override_switch":false,"send2tg":"no","send_featured_image":true,"files":[],"is_from_gb":true},"sv":715,"finish":{"ok":false,"processed":[]},"after":{"result":"441:462:495:524"}}}

[2023-06-16 11:27:27]
{"tribe_events-418-publish":{"before":{"trigger":"wp_insert_post","request_type":"IS_GB_METABOX"},"form_data":{"send2tg":null,"override_switch":false},"sv":720,"finish":{"ok":false,"processed":[]},"after":{"result":"441:462:524"}}}

[2023-06-16 11:28:01]
{"revision-445-inherit":{"before":{"trigger":"wp_insert_post","request_type":"POST_REVISION"},"form_data":{"channels":["@dcwwiki"],"delay":0.5,"disable_notification":false,"override_switch":false,"send2tg":"no","send_featured_image":true,"files":[],"is_from_gb":true},"sv":715,"finish":{"ok":false,"processed":[]},"after":{"result":"441:462:524"}}}

[2023-06-16 11:28:01]
{"tribe_events-418-publish":{"before":{"trigger":"wp_insert_post","request_type":"REST_REQUEST"},"form_data":{"channels":["@dcwwiki"],"delay":0.5,"disable_notification":false,"override_switch":false,"send2tg":"no","send_featured_image":true,"files":[],"is_from_gb":true},"finish":{"ok":false,"processed":[]},"after":{"result":"441:451:495:524"}}}

[2023-06-16 11:28:01]
{"tribe_events-418-publish":{"before":{"trigger":"rest_after_insert","request_type":"REST_REQUEST"},"form_data":{"channels":["@dcwwiki"],"delay":0.5,"disable_notification":false,"override_switch":false,"send2tg":"no","send_featured_image":true,"files":[],"is_from_gb":true},"sv":715,"finish":{"ok":false,"processed":[]},"after":{"result":"441:462:495:524"}}}

[2023-06-16 11:28:01]
{"tribe_events-418-publish":{"before":{"trigger":"wp_insert_post","request_type":"IS_GB_METABOX"},"form_data":{"send2tg":null,"override_switch":false},"sv":720,"finish":{"ok":false,"processed":[]},"after":{"result":"441:462:524"}}}

[2023-06-16 11:28:18]
{"revision-446-inherit":{"before":{"trigger":"wp_insert_post","request_type":"POST_REVISION"},"form_data":{"channels":["@dcwwiki"],"delay":0.5,"disable_notification":false,"override_switch":false,"send2tg":"no","send_featured_image":true,"files":[],"is_from_gb":true},"sv":715,"finish":{"ok":false,"processed":[]},"after":{"result":"441:462:524"}}}

[2023-06-16 11:28:18]
{"tribe_events-418-publish":{"before":{"trigger":"wp_insert_post","request_type":"REST_REQUEST"},"form_data":{"channels":["@dcwwiki"],"delay":0.5,"disable_notification":false,"override_switch":false,"send2tg":"no","send_featured_image":true,"files":[],"is_from_gb":true},"finish":{"ok":false,"processed":[]},"after":{"result":"441:451:495:524"}}}

[2023-06-16 11:28:18]
{"tribe_events-418-publish":{"before":{"trigger":"rest_after_insert","request_type":"REST_REQUEST"},"form_data":{"channels":["@dcwwiki"],"delay":0.5,"disable_notification":false,"override_switch":false,"send2tg":"no","send_featured_image":true,"files":[],"is_from_gb":true},"sv":715,"finish":{"ok":false,"processed":[]},"after":{"result":"441:462:495:524"}}}

[2023-06-16 11:28:18]
{"tribe_events-418-publish":{"before":{"trigger":"wp_insert_post","request_type":"IS_GB_METABOX"},"form_data":{"send2tg":null,"override_switch":false},"sv":720,"finish":{"ok":false,"processed":[]},"after":{"result":"441:462:524"}}}

[2023-06-16 11:28:38]
{"revision-447-inherit":{"before":{"trigger":"wp_insert_post","request_type":"POST_REVISION"},"form_data":{"channels":["@dcwwiki"],"delay":0.5,"disable_notification":false,"override_switch":false,"send2tg":"no","send_featured_image":true,"files":[],"is_from_gb":true},"sv":715,"finish":{"ok":false,"processed":[]},"after":{"result":"441:462:524"}}}

[2023-06-16 11:28:38]
{"tribe_events-418-publish":{"before":{"trigger":"wp_insert_post","request_type":"REST_REQUEST"},"form_data":{"channels":["@dcwwiki"],"delay":0.5,"disable_notification":false,"override_switch":false,"send2tg":"no","send_featured_image":true,"files":[],"is_from_gb":true},"finish":{"ok":false,"processed":[]},"after":{"result":"441:451:495:524"}}}

[2023-06-16 11:28:38]
{"tribe_events-418-publish":{"before":{"trigger":"rest_after_insert","request_type":"REST_REQUEST"},"form_data":{"channels":["@dcwwiki"],"delay":0.5,"disable_notification":false,"override_switch":false,"send2tg":"no","send_featured_image":true,"files":[],"is_from_gb":true},"sv":715,"finish":{"ok":false,"processed":[]},"after":{"result":"441:462:495:524"}}}

[2023-06-16 11:28:38]
{"tribe_events-418-publish":{"before":{"trigger":"wp_insert_post","request_type":"IS_GB_METABOX"},"form_data":{"send2tg":null,"override_switch":false},"sv":720,"finish":{"ok":false,"processed":[]},"after":{"result":"441:462:524"}}}

[2023-06-16 11:41:24]
{"revision-448-inherit":{"before":{"trigger":"wp_insert_post","request_type":"POST_REVISION"},"form_data":{"channels":["@dcwwiki"],"delay":0.5,"disable_notification":false,"override_switch":false,"send2tg":"yes","send_featured_image":true,"files":[],"is_from_gb":true},"sv":767,"finish":{"ok":false,"processed":[]},"after":{"result":"441:462:524"}}}

[2023-06-16 11:41:24]
{"tribe_events-418-publish":{"before":{"trigger":"wp_insert_post","request_type":"REST_REQUEST"},"form_data":{"channels":["@dcwwiki"],"delay":0.5,"disable_notification":false,"override_switch":false,"send2tg":"yes","send_featured_image":true,"files":[],"is_from_gb":true},"finish":{"ok":false,"processed":[]},"after":{"result":"441:451:524"}}}

[2023-06-16 11:41:24]
{"tribe_events-418-publish":{"before":{"trigger":"rest_after_insert","request_type":"REST_REQUEST"},"form_data":{"channels":["@dcwwiki"],"delay":0.5,"disable_notification":false,"override_switch":false,"send2tg":"yes","send_featured_image":true,"files":[],"is_from_gb":true},"rules":{"apply":true,"sent2tg":"2023-06-15 12:26:07"},"finish":{"ok":false,"processed":[]},"after":{"result":"delayed 0.5"}}}

[2023-06-16 11:41:25]
{"tribe_events-418-publish":{"before":{"trigger":"wp_insert_post","request_type":"IS_GB_METABOX"},"form_data":{"send2tg":null,"override_switch":false},"sv":720,"finish":{"ok":false,"processed":[]},"after":{"result":"441:462:524"}}}

[2023-06-16 11:42:24]
{"tribe_events-418-publish":{"before":{"trigger":"delayed_post","request_type":"DOING_CRON"},"form_data":{"send2tg":null,"override_switch":false},"rules":{"apply":true,"sent2tg":"2023-06-15 12:26:07"},"image_source":{"send_image":true,"has_image":true,"send_by_url":false,"source":"\/home\/u572932744\/domains\/dcwwiki.org\/public_html\/hour\/wp-content\/uploads\/2023\/05\/20230615_115705_0000.png"},"finish":{"ok":true,"processed":[418]},"after":{"result":{"@dcwwiki":[{"errors":{"http_request_failed":["cURL error 28: Operation timed out after 20002 milliseconds with 0 bytes received"]},"error_data":[]}]}}}}

[2023-06-17 21:10:35]
{"customize_changeset-449-auto-draft":{"before":{"trigger":"wp_insert_post","request_type":"DOING_AUTOSAVE"},"form_data":{"send2tg":null,"override_switch":false},"sv":762,"finish":{"ok":false,"processed":[]},"after":{"result":"441:462:524"}}}

[2023-06-17 21:11:05]
{"customize_changeset-449-trash":{"before":{"trigger":"wp_insert_post","request_type":null},"form_data":{"send2tg":null,"override_switch":false},"sv":772,"finish":{"ok":false,"processed":[]},"after":{"result":"441:462:524"}}}

[2023-06-17 21:11:05]
{"customize_changeset-449-publish":{"before":{"trigger":"wp_insert_post","request_type":null},"form_data":{"send2tg":null,"override_switch":false},"rules":{"apply":false,"sent2tg":""},"finish":{"ok":false,"processed":[]},"after":{"result":"441:511"}}}

[2023-06-17 21:11:56]
{"customize_changeset-450-auto-draft":{"before":{"trigger":"wp_insert_post","request_type":"DOING_AUTOSAVE"},"form_data":{"send2tg":null,"override_switch":false},"sv":762,"finish":{"ok":false,"processed":[]},"after":{"result":"441:462:524"}}}

[2023-06-17 21:12:30]
{"customize_changeset-450-auto-draft":{"before":{"trigger":"wp_insert_post","request_type":"DOING_AUTOSAVE"},"form_data":{"send2tg":null,"override_switch":false},"sv":762,"finish":{"ok":false,"processed":[]},"after":{"result":"441:462:524"}}}

[2023-06-17 21:13:21]
{"customize_changeset-450-trash":{"before":{"trigger":"wp_insert_post","request_type":null},"form_data":{"send2tg":null,"override_switch":false},"sv":772,"finish":{"ok":false,"processed":[]},"after":{"result":"441:462:524"}}}

[2023-06-17 21:13:21]
{"customize_changeset-450-publish":{"before":{"trigger":"wp_insert_post","request_type":null},"form_data":{"send2tg":null,"override_switch":false},"rules":{"apply":false,"sent2tg":""},"finish":{"ok":false,"processed":[]},"after":{"result":"441:511"}}}

[2023-06-17 21:13:35]
{"customize_changeset-451-trash":{"before":{"trigger":"wp_insert_post","request_type":null},"form_data":{"send2tg":null,"override_switch":false},"sv":772,"finish":{"ok":false,"processed":[]},"after":{"result":"441:462:524"}}}

[2023-06-17 21:13:35]
{"customize_changeset-451-publish":{"before":{"trigger":"wp_insert_post","request_type":null},"form_data":{"send2tg":null,"override_switch":false},"rules":{"apply":false,"sent2tg":""},"finish":{"ok":false,"processed":[]},"after":{"result":"441:511"}}}

[2023-06-17 21:14:56]
{"customize_changeset-452-auto-draft":{"before":{"trigger":"wp_insert_post","request_type":"DOING_AUTOSAVE"},"form_data":{"send2tg":null,"override_switch":false},"sv":762,"finish":{"ok":false,"processed":[]},"after":{"result":"441:462:524"}}}

[2023-06-18 17:37:10]
{"revision-453-inherit":{"before":{"trigger":"wp_insert_post","request_type":"DOING_AUTOSAVE"},"form_data":{"send2tg":null,"override_switch":false},"sv":762,"finish":{"ok":false,"processed":[]},"after":{"result":"441:462:524"}}}

[2023-06-18 17:37:16]
{"revision-454-inherit":{"before":{"trigger":"wp_insert_post","request_type":"POST_REVISION"},"form_data":{"channels":["@dcwwiki"],"delay":0.5,"disable_notification":false,"override_switch":false,"send2tg":"no","send_featured_image":true,"files":[],"is_from_gb":true},"sv":715,"finish":{"ok":false,"processed":[]},"after":{"result":"441:462:524"}}}

[2023-06-18 17:37:16]
{"page-329-publish":{"before":{"trigger":"wp_insert_post","request_type":"REST_REQUEST"},"form_data":{"channels":["@dcwwiki"],"delay":0.5,"disable_notification":false,"override_switch":false,"send2tg":"no","send_featured_image":true,"files":[],"is_from_gb":true},"finish":{"ok":false,"processed":[]},"after":{"result":"441:451:495:524"}}}

[2023-06-18 17:37:16]
{"page-329-publish":{"before":{"trigger":"rest_after_insert","request_type":"REST_REQUEST"},"form_data":{"channels":["@dcwwiki"],"delay":0.5,"disable_notification":false,"override_switch":false,"send2tg":"no","send_featured_image":true,"files":[],"is_from_gb":true},"sv":715,"finish":{"ok":false,"processed":[]},"after":{"result":"441:462:495:524"}}}

[2023-06-18 17:37:16]
{"page-329-publish":{"before":{"trigger":"wp_insert_post","request_type":"IS_GB_METABOX"},"form_data":{"send2tg":null,"override_switch":false},"sv":720,"finish":{"ok":false,"processed":[]},"after":{"result":"441:462:524"}}}

[2023-06-18 17:43:59]
{"customize_changeset-455-auto-draft":{"before":{"trigger":"wp_insert_post","request_type":"DOING_AUTOSAVE"},"form_data":{"send2tg":null,"override_switch":false},"sv":762,"finish":{"ok":false,"processed":[]},"after":{"result":"441:462:524"}}}

[2023-06-18 17:44:17]
{"customize_changeset-455-auto-draft":{"before":{"trigger":"wp_insert_post","request_type":"DOING_AUTOSAVE"},"form_data":{"send2tg":null,"override_switch":false},"sv":762,"finish":{"ok":false,"processed":[]},"after":{"result":"441:462:524"}}}

[2023-06-18 17:46:18]
{"customize_changeset-455-auto-draft":{"before":{"trigger":"wp_insert_post","request_type":"DOING_AUTOSAVE"},"form_data":{"send2tg":null,"override_switch":false},"sv":762,"finish":{"ok":false,"processed":[]},"after":{"result":"441:462:524"}}}

[2023-06-18 17:46:45]
{"customize_changeset-455-auto-draft":{"before":{"trigger":"wp_insert_post","request_type":"DOING_AUTOSAVE"},"form_data":{"send2tg":null,"override_switch":false},"sv":762,"finish":{"ok":false,"processed":[]},"after":{"result":"441:462:524"}}}

[2023-06-18 17:47:45]
{"customize_changeset-455-auto-draft":{"before":{"trigger":"wp_insert_post","request_type":"DOING_AUTOSAVE"},"form_data":{"send2tg":null,"override_switch":false},"sv":762,"finish":{"ok":false,"processed":[]},"after":{"result":"441:462:524"}}}

[2023-06-18 17:48:38]
{"customize_changeset-455-auto-draft":{"before":{"trigger":"wp_insert_post","request_type":"DOING_AUTOSAVE"},"form_data":{"send2tg":null,"override_switch":false},"sv":762,"finish":{"ok":false,"processed":[]},"after":{"result":"441:462:524"}}}

[2023-06-18 17:49:26]
{"customize_changeset-455-trash":{"before":{"trigger":"wp_insert_post","request_type":null},"form_data":{"send2tg":null,"override_switch":false},"sv":772,"finish":{"ok":false,"processed":[]},"after":{"result":"441:462:524"}}}

[2023-06-18 17:49:26]
{"customize_changeset-455-publish":{"before":{"trigger":"wp_insert_post","request_type":null},"form_data":{"send2tg":null,"override_switch":false},"rules":{"apply":false,"sent2tg":""},"finish":{"ok":false,"processed":[]},"after":{"result":"441:511"}}}

[2023-06-18 17:52:36]
{"customize_changeset-459-trash":{"before":{"trigger":"wp_insert_post","request_type":null},"form_data":{"send2tg":null,"override_switch":false},"sv":772,"finish":{"ok":false,"processed":[]},"after":{"result":"441:462:524"}}}

[2023-06-18 17:52:36]
{"customize_changeset-459-publish":{"before":{"trigger":"wp_insert_post","request_type":null},"form_data":{"send2tg":null,"override_switch":false},"rules":{"apply":false,"sent2tg":""},"finish":{"ok":false,"processed":[]},"after":{"result":"441:511"}}}

[2023-06-18 17:53:06]
{"customize_changeset-460-trash":{"before":{"trigger":"wp_insert_post","request_type":null},"form_data":{"send2tg":null,"override_switch":false},"sv":772,"finish":{"ok":false,"processed":[]},"after":{"result":"441:462:524"}}}

[2023-06-18 17:53:06]
{"customize_changeset-460-publish":{"before":{"trigger":"wp_insert_post","request_type":null},"form_data":{"send2tg":null,"override_switch":false},"rules":{"apply":false,"sent2tg":""},"finish":{"ok":false,"processed":[]},"after":{"result":"441:511"}}}

[2023-06-18 21:37:17]
{"customize_changeset-462-trash":{"before":{"trigger":"wp_insert_post","request_type":null},"form_data":{"send2tg":null,"override_switch":false},"sv":772,"finish":{"ok":false,"processed":[]},"after":{"result":"441:462:524"}}}

[2023-06-18 21:37:17]
{"customize_changeset-462-publish":{"before":{"trigger":"wp_insert_post","request_type":null},"form_data":{"send2tg":null,"override_switch":false},"rules":{"apply":false,"sent2tg":""},"finish":{"ok":false,"processed":[]},"after":{"result":"441:511"}}}

[2023-06-20 20:06:38]
{"customize_changeset-463-auto-draft":{"before":{"trigger":"wp_insert_post","request_type":"DOING_AUTOSAVE"},"form_data":{"send2tg":null,"override_switch":false},"sv":762,"finish":{"ok":false,"processed":[]},"after":{"result":"441:462:524"}}}

[2023-06-20 20:08:39]
{"customize_changeset-463-auto-draft":{"before":{"trigger":"wp_insert_post","request_type":"DOING_AUTOSAVE"},"form_data":{"send2tg":null,"override_switch":false},"sv":762,"finish":{"ok":false,"processed":[]},"after":{"result":"441:462:524"}}}

[2023-06-20 20:10:20]
{"customize_changeset-463-trash":{"before":{"trigger":"wp_insert_post","request_type":null},"form_data":{"send2tg":null,"override_switch":false},"sv":772,"finish":{"ok":false,"processed":[]},"after":{"result":"441:462:524"}}}

[2023-06-20 20:10:20]
{"customize_changeset-463-publish":{"before":{"trigger":"wp_insert_post","request_type":null},"form_data":{"send2tg":null,"override_switch":false},"rules":{"apply":false,"sent2tg":""},"finish":{"ok":false,"processed":[]},"after":{"result":"441:511"}}}

[2023-06-21 00:22:51]
{"customize_changeset-464-trash":{"before":{"trigger":"wp_insert_post","request_type":null},"form_data":{"send2tg":null,"override_switch":false},"sv":772,"finish":{"ok":false,"processed":[]},"after":{"result":"441:462:524"}}}

[2023-06-21 00:22:51]
{"customize_changeset-464-publish":{"before":{"trigger":"wp_insert_post","request_type":null},"form_data":{"send2tg":null,"override_switch":false},"rules":{"apply":false,"sent2tg":""},"finish":{"ok":false,"processed":[]},"after":{"result":"441:511"}}}

[2023-06-21 11:21:45]
{"customize_changeset-465-trash":{"before":{"trigger":"wp_insert_post","request_type":null},"form_data":{"send2tg":null,"override_switch":false},"sv":772,"finish":{"ok":false,"processed":[]},"after":{"result":"441:462:524"}}}

[2023-06-21 11:21:45]
{"customize_changeset-465-publish":{"before":{"trigger":"wp_insert_post","request_type":null},"form_data":{"send2tg":null,"override_switch":false},"rules":{"apply":false,"sent2tg":""},"finish":{"ok":false,"processed":[]},"after":{"result":"441:511"}}}

[2023-06-21 11:22:16]
{"customize_changeset-466-auto-draft":{"before":{"trigger":"wp_insert_post","request_type":"DOING_AUTOSAVE"},"form_data":{"send2tg":null,"override_switch":false},"sv":762,"finish":{"ok":false,"processed":[]},"after":{"result":"441:462:524"}}}

[2023-06-21 11:22:17]
{"customize_changeset-466-trash":{"before":{"trigger":"wp_insert_post","request_type":null},"form_data":{"send2tg":null,"override_switch":false},"sv":772,"finish":{"ok":false,"processed":[]},"after":{"result":"441:462:524"}}}

[2023-06-21 11:22:17]
{"customize_changeset-466-publish":{"before":{"trigger":"wp_insert_post","request_type":null},"form_data":{"send2tg":null,"override_switch":false},"rules":{"apply":false,"sent2tg":""},"finish":{"ok":false,"processed":[]},"after":{"result":"441:511"}}}

[2023-06-21 11:24:33]
{"customize_changeset-468-trash":{"before":{"trigger":"wp_insert_post","request_type":null},"form_data":{"send2tg":null,"override_switch":false},"sv":772,"finish":{"ok":false,"processed":[]},"after":{"result":"441:462:524"}}}

[2023-06-21 11:24:33]
{"customize_changeset-468-publish":{"before":{"trigger":"wp_insert_post","request_type":null},"form_data":{"send2tg":null,"override_switch":false},"rules":{"apply":false,"sent2tg":""},"finish":{"ok":false,"processed":[]},"after":{"result":"441:511"}}}

[2023-06-21 11:26:27]
{"customize_changeset-470-trash":{"before":{"trigger":"wp_insert_post","request_type":null},"form_data":{"send2tg":null,"override_switch":false},"sv":772,"finish":{"ok":false,"processed":[]},"after":{"result":"441:462:524"}}}

[2023-06-21 11:26:27]
{"customize_changeset-470-publish":{"before":{"trigger":"wp_insert_post","request_type":null},"form_data":{"send2tg":null,"override_switch":false},"rules":{"apply":false,"sent2tg":""},"finish":{"ok":false,"processed":[]},"after":{"result":"441:511"}}}

[2023-06-21 11:27:34]
{"customize_changeset-472-trash":{"before":{"trigger":"wp_insert_post","request_type":null},"form_data":{"send2tg":null,"override_switch":false},"sv":772,"finish":{"ok":false,"processed":[]},"after":{"result":"441:462:524"}}}

[2023-06-21 11:27:34]
{"customize_changeset-472-publish":{"before":{"trigger":"wp_insert_post","request_type":null},"form_data":{"send2tg":null,"override_switch":false},"rules":{"apply":false,"sent2tg":""},"finish":{"ok":false,"processed":[]},"after":{"result":"441:511"}}}

[2023-06-21 16:22:12]
{"revision-473-inherit":{"before":{"trigger":"wp_insert_post","request_type":"POST_REVISION"},"form_data":{"channels":["@dcwwiki"],"delay":0.5,"disable_notification":false,"override_switch":false,"send2tg":"no","send_featured_image":true,"files":[],"is_from_gb":true},"sv":715,"finish":{"ok":false,"processed":[]},"after":{"result":"441:462:524"}}}

[2023-06-21 16:22:14]
{"tribe_events-428-publish":{"before":{"trigger":"wp_insert_post","request_type":"REST_REQUEST"},"form_data":{"channels":["@dcwwiki"],"delay":0.5,"disable_notification":false,"override_switch":false,"send2tg":"no","send_featured_image":true,"files":[],"is_from_gb":true},"finish":{"ok":false,"processed":[]},"after":{"result":"441:451:495:524"}}}

[2023-06-21 16:22:15]
{"tribe_events-428-publish":{"before":{"trigger":"rest_after_insert","request_type":"REST_REQUEST"},"form_data":{"channels":["@dcwwiki"],"delay":0.5,"disable_notification":false,"override_switch":false,"send2tg":"no","send_featured_image":true,"files":[],"is_from_gb":true},"sv":715,"finish":{"ok":false,"processed":[]},"after":{"result":"441:462:495:524"}}}

[2023-06-24 14:48:18]
{"revision-474-inherit":{"before":{"trigger":"wp_insert_post","request_type":"DOING_AUTOSAVE"},"form_data":{"send2tg":null,"override_switch":false},"sv":762,"finish":{"ok":false,"processed":[]},"after":{"result":"441:462:524"}}}

[2023-06-24 14:49:18]
{"revision-474-inherit":{"before":{"trigger":"wp_insert_post","request_type":"DOING_AUTOSAVE"},"form_data":{"send2tg":null,"override_switch":false},"sv":762,"finish":{"ok":false,"processed":[]},"after":{"result":"441:462:524"}}}

[2023-06-24 14:50:18]
{"revision-474-inherit":{"before":{"trigger":"wp_insert_post","request_type":"DOING_AUTOSAVE"},"form_data":{"send2tg":null,"override_switch":false},"sv":762,"finish":{"ok":false,"processed":[]},"after":{"result":"441:462:524"}}}

[2023-06-24 14:51:19]
{"revision-474-inherit":{"before":{"trigger":"wp_insert_post","request_type":"DOING_AUTOSAVE"},"form_data":{"send2tg":null,"override_switch":false},"sv":762,"finish":{"ok":false,"processed":[]},"after":{"result":"441:462:524"}}}

[2023-06-24 14:52:19]
{"revision-474-inherit":{"before":{"trigger":"wp_insert_post","request_type":"DOING_AUTOSAVE"},"form_data":{"send2tg":null,"override_switch":false},"sv":762,"finish":{"ok":false,"processed":[]},"after":{"result":"441:462:524"}}}

[2023-06-24 14:53:19]
{"revision-474-inherit":{"before":{"trigger":"wp_insert_post","request_type":"DOING_AUTOSAVE"},"form_data":{"send2tg":null,"override_switch":false},"sv":762,"finish":{"ok":false,"processed":[]},"after":{"result":"441:462:524"}}}

[2023-06-24 14:54:19]
{"revision-474-inherit":{"before":{"trigger":"wp_insert_post","request_type":"DOING_AUTOSAVE"},"form_data":{"send2tg":null,"override_switch":false},"sv":762,"finish":{"ok":false,"processed":[]},"after":{"result":"441:462:524"}}}

[2023-06-24 14:55:20]
{"revision-474-inherit":{"before":{"trigger":"wp_insert_post","request_type":"DOING_AUTOSAVE"},"form_data":{"send2tg":null,"override_switch":false},"sv":762,"finish":{"ok":false,"processed":[]},"after":{"result":"441:462:524"}}}

[2023-06-24 14:57:40]
{"revision-474-inherit":{"before":{"trigger":"wp_insert_post","request_type":"DOING_AUTOSAVE"},"form_data":{"send2tg":null,"override_switch":false},"sv":762,"finish":{"ok":false,"processed":[]},"after":{"result":"441:462:524"}}}

[2023-06-24 14:58:40]
{"revision-474-inherit":{"before":{"trigger":"wp_insert_post","request_type":"DOING_AUTOSAVE"},"form_data":{"send2tg":null,"override_switch":false},"sv":762,"finish":{"ok":false,"processed":[]},"after":{"result":"441:462:524"}}}

[2023-06-24 14:59:40]
{"revision-474-inherit":{"before":{"trigger":"wp_insert_post","request_type":"DOING_AUTOSAVE"},"form_data":{"send2tg":null,"override_switch":false},"sv":762,"finish":{"ok":false,"processed":[]},"after":{"result":"441:462:524"}}}

[2023-06-24 15:00:40]
{"revision-474-inherit":{"before":{"trigger":"wp_insert_post","request_type":"DOING_AUTOSAVE"},"form_data":{"send2tg":null,"override_switch":false},"sv":762,"finish":{"ok":false,"processed":[]},"after":{"result":"441:462:524"}}}

[2023-06-24 15:01:41]
{"revision-474-inherit":{"before":{"trigger":"wp_insert_post","request_type":"DOING_AUTOSAVE"},"form_data":{"send2tg":null,"override_switch":false},"sv":762,"finish":{"ok":false,"processed":[]},"after":{"result":"441:462:524"}}}

[2023-06-24 15:01:48]
{"revision-475-inherit":{"before":{"trigger":"wp_insert_post","request_type":"POST_REVISION"},"form_data":{"channels":["@dcwwiki"],"delay":0.5,"disable_notification":false,"override_switch":false,"send2tg":"no","send_featured_image":true,"files":[],"is_from_gb":true},"sv":715,"finish":{"ok":false,"processed":[]},"after":{"result":"441:462:524"}}}

[2023-06-24 15:01:48]
{"tribe_events-428-publish":{"before":{"trigger":"wp_insert_post","request_type":"REST_REQUEST"},"form_data":{"channels":["@dcwwiki"],"delay":0.5,"disable_notification":false,"override_switch":false,"send2tg":"no","send_featured_image":true,"files":[],"is_from_gb":true},"finish":{"ok":false,"processed":[]},"after":{"result":"441:451:495:524"}}}

[2023-06-24 15:01:49]
{"tribe_events-428-publish":{"before":{"trigger":"rest_after_insert","request_type":"REST_REQUEST"},"form_data":{"channels":["@dcwwiki"],"delay":0.5,"disable_notification":false,"override_switch":false,"send2tg":"no","send_featured_image":true,"files":[],"is_from_gb":true},"sv":715,"finish":{"ok":false,"processed":[]},"after":{"result":"441:462:495:524"}}}

[2023-06-24 15:01:49]
{"tribe_events-428-publish":{"before":{"trigger":"wp_insert_post","request_type":"IS_GB_METABOX"},"form_data":{"send2tg":null,"override_switch":false},"sv":720,"finish":{"ok":false,"processed":[]},"after":{"result":"441:462:524"}}}

[2023-06-24 15:17:42]
{"tribe_events-476-auto-draft":{"before":{"trigger":"wp_insert_post","request_type":null},"form_data":{"send2tg":null,"override_switch":false},"sv":772,"finish":{"ok":false,"processed":[]},"after":{"result":"441:462:524"}}}

[2023-06-24 15:19:52]
{"tribe_events-476-draft":{"before":{"trigger":"wp_insert_post","request_type":"DOING_AUTOSAVE"},"form_data":{"send2tg":null,"override_switch":false},"finish":{"ok":false,"processed":[]},"after":{"result":"441:451:511"}}}

[2023-06-24 15:20:52]
{"tribe_events-476-draft":{"before":{"trigger":"wp_insert_post","request_type":"DOING_AUTOSAVE"},"form_data":{"send2tg":null,"override_switch":false},"finish":{"ok":false,"processed":[]},"after":{"result":"441:451:511"}}}

[2023-06-24 15:21:52]
{"tribe_events-476-draft":{"before":{"trigger":"wp_insert_post","request_type":"DOING_AUTOSAVE"},"form_data":{"send2tg":null,"override_switch":false},"finish":{"ok":false,"processed":[]},"after":{"result":"441:451:511"}}}

[2023-06-24 15:22:51]
{"tribe_events-476-draft":{"before":{"trigger":"wp_insert_post","request_type":"DOING_AUTOSAVE"},"form_data":{"send2tg":null,"override_switch":false},"finish":{"ok":false,"processed":[]},"after":{"result":"441:451:511"}}}

[2023-06-24 15:23:52]
{"tribe_events-476-draft":{"before":{"trigger":"wp_insert_post","request_type":"DOING_AUTOSAVE"},"form_data":{"send2tg":null,"override_switch":false},"finish":{"ok":false,"processed":[]},"after":{"result":"441:451:511"}}}

[2023-06-24 15:24:51]
{"tribe_events-476-draft":{"before":{"trigger":"wp_insert_post","request_type":"DOING_AUTOSAVE"},"form_data":{"send2tg":null,"override_switch":false},"finish":{"ok":false,"processed":[]},"after":{"result":"441:451:511"}}}

[2023-06-24 15:25:51]
{"tribe_events-476-draft":{"before":{"trigger":"wp_insert_post","request_type":"DOING_AUTOSAVE"},"form_data":{"send2tg":null,"override_switch":false},"finish":{"ok":false,"processed":[]},"after":{"result":"441:451:511"}}}

[2023-06-24 15:26:07]
{"revision-477-inherit":{"before":{"trigger":"wp_insert_post","request_type":"POST_REVISION"},"form_data":{"channels":["@dcwwiki"],"delay":0.5,"disable_notification":false,"override_switch":false,"send2tg":"no","send_featured_image":true,"files":[],"is_from_gb":true},"sv":715,"finish":{"ok":false,"processed":[]},"after":{"result":"441:462:524"}}}

[2023-06-24 15:26:08]
{"tribe_events-476-publish":{"before":{"trigger":"wp_insert_post","request_type":"REST_REQUEST"},"form_data":{"channels":["@dcwwiki"],"delay":0.5,"disable_notification":false,"override_switch":false,"send2tg":"no","send_featured_image":true,"files":[],"is_from_gb":true},"finish":{"ok":false,"processed":[]},"after":{"result":"441:451:495:524"}}}

[2023-06-24 15:26:16]
{"tribe_events-476-publish":{"before":{"trigger":"rest_after_insert","request_type":"REST_REQUEST"},"form_data":{"channels":["@dcwwiki"],"delay":0.5,"disable_notification":false,"override_switch":false,"send2tg":"no","send_featured_image":true,"files":[],"is_from_gb":true},"sv":715,"finish":{"ok":false,"processed":[]},"after":{"result":"441:462:495:524"}}}

[2023-06-24 15:26:19]
{"tribe_events-476-publish":{"before":{"trigger":"wp_insert_post","request_type":"IS_GB_METABOX"},"form_data":{"send2tg":null,"override_switch":false},"sv":720,"finish":{"ok":false,"processed":[]},"after":{"result":"441:462:524"}}}

[2023-06-24 15:27:33]
{"revision-478-inherit":{"before":{"trigger":"wp_insert_post","request_type":"POST_REVISION"},"form_data":{"channels":["@dcwwiki"],"delay":0.5,"disable_notification":false,"override_switch":false,"send2tg":"no","send_featured_image":true,"files":[],"is_from_gb":true},"sv":715,"finish":{"ok":false,"processed":[]},"after":{"result":"441:462:524"}}}

[2023-06-24 15:27:33]
{"page-329-publish":{"before":{"trigger":"wp_insert_post","request_type":"REST_REQUEST"},"form_data":{"channels":["@dcwwiki"],"delay":0.5,"disable_notification":false,"override_switch":false,"send2tg":"no","send_featured_image":true,"files":[],"is_from_gb":true},"finish":{"ok":false,"processed":[]},"after":{"result":"441:451:495:524"}}}

[2023-06-24 15:27:33]
{"page-329-publish":{"before":{"trigger":"rest_after_insert","request_type":"REST_REQUEST"},"form_data":{"channels":["@dcwwiki"],"delay":0.5,"disable_notification":false,"override_switch":false,"send2tg":"no","send_featured_image":true,"files":[],"is_from_gb":true},"sv":715,"finish":{"ok":false,"processed":[]},"after":{"result":"441:462:495:524"}}}

[2023-06-24 15:27:34]
{"page-329-publish":{"before":{"trigger":"wp_insert_post","request_type":"IS_GB_METABOX"},"form_data":{"send2tg":null,"override_switch":false},"sv":720,"finish":{"ok":false,"processed":[]},"after":{"result":"441:462:524"}}}

[2023-06-26 02:00:37]
{"post-479-auto-draft":{"before":{"trigger":"wp_insert_post","request_type":null},"form_data":{"send2tg":null,"override_switch":false},"sv":772,"finish":{"ok":false,"processed":[]},"after":{"result":"441:462:524"}}}

[2023-06-26 02:00:39]
{"post-480-auto-draft":{"before":{"trigger":"wp_insert_post","request_type":null},"form_data":{"send2tg":null,"override_switch":false},"sv":772,"finish":{"ok":false,"processed":[]},"after":{"result":"441:462:524"}}}

[2023-06-26 02:00:44]
{"bne_testimonials-481-auto-draft":{"before":{"trigger":"wp_insert_post","request_type":null},"form_data":{"send2tg":null,"override_switch":false},"sv":772,"finish":{"ok":false,"processed":[]},"after":{"result":"441:462:524"}}}

[2023-06-26 02:01:00]
{"bne_testimonials-481-draft":{"before":{"trigger":"wp_insert_post","request_type":"DOING_AUTOSAVE"},"form_data":{"send2tg":null,"override_switch":false},"sv":762,"finish":{"ok":false,"processed":[]},"after":{"result":"441:462:511"}}}

[2023-06-26 02:03:00]
{"bne_testimonials-481-draft":{"before":{"trigger":"wp_insert_post","request_type":"DOING_AUTOSAVE"},"form_data":{"send2tg":null,"override_switch":false},"sv":762,"finish":{"ok":false,"processed":[]},"after":{"result":"441:462:511"}}}

[2023-06-26 02:03:17]
{"bne_testimonials-481-publish":{"before":{"trigger":"wp_insert_post","request_type":"FROM_WEB"},"form_data":{"send2tg":null,"override_switch":false},"sv":751,"finish":{"ok":false,"processed":[]},"after":{"result":"441:462:524"}}}

[2023-06-26 02:06:21]
{"bne_testimonials-481-publish":{"before":{"trigger":"wp_insert_post","request_type":"FROM_WEB"},"form_data":{"send2tg":null,"override_switch":false},"sv":751,"finish":{"ok":false,"processed":[]},"after":{"result":"441:462:524"}}}

[2023-06-26 02:07:34]
{"bne_testimonials-201-publish":{"before":{"trigger":"wp_insert_post","request_type":"FROM_WEB"},"form_data":{"send2tg":null,"override_switch":false},"sv":751,"finish":{"ok":false,"processed":[]},"after":{"result":"441:462:524"}}}

[2023-06-26 02:08:05]
{"bne_testimonials-359-publish":{"before":{"trigger":"wp_insert_post","request_type":"FROM_WEB"},"form_data":{"send2tg":null,"override_switch":false},"sv":751,"finish":{"ok":false,"processed":[]},"after":{"result":"441:462:524"}}}

[2023-06-26 02:08:32]
{"revision-484-inherit":{"before":{"trigger":"wp_insert_post","request_type":"DOING_AUTOSAVE"},"form_data":{"send2tg":null,"override_switch":false},"sv":762,"finish":{"ok":false,"processed":[]},"after":{"result":"441:462:524"}}}

[2023-06-26 02:08:41]
{"bne_testimonials-206-publish":{"before":{"trigger":"wp_insert_post","request_type":"FROM_WEB"},"form_data":{"send2tg":null,"override_switch":false},"sv":751,"finish":{"ok":false,"processed":[]},"after":{"result":"441:462:524"}}}

[2023-07-02 21:30:35]
{"customize_changeset-485-trash":{"before":{"trigger":"wp_insert_post","request_type":null},"form_data":{"send2tg":null,"override_switch":false},"sv":772,"finish":{"ok":false,"processed":[]},"after":{"result":"441:462:524"}}}

[2023-07-02 21:30:35]
{"customize_changeset-485-publish":{"before":{"trigger":"wp_insert_post","request_type":null},"form_data":{"send2tg":null,"override_switch":false},"rules":{"apply":false,"sent2tg":""},"finish":{"ok":false,"processed":[]},"after":{"result":"441:511"}}}

[2023-07-02 21:34:16]
{"revision-486-inherit":{"before":{"trigger":"wp_insert_post","request_type":"DOING_AUTOSAVE"},"form_data":{"send2tg":null,"override_switch":false},"sv":762,"finish":{"ok":false,"processed":[]},"after":{"result":"441:462:524"}}}

[2023-07-02 21:34:30]
{"revision-487-inherit":{"before":{"trigger":"wp_insert_post","request_type":"POST_REVISION"},"form_data":{"channels":["@dcwwiki"],"delay":0.5,"disable_notification":false,"override_switch":false,"send2tg":"yes","send_featured_image":true,"files":[],"is_from_gb":true},"sv":767,"finish":{"ok":false,"processed":[]},"after":{"result":"441:462:524"}}}

[2023-07-02 21:34:30]
{"tribe_events-428-publish":{"before":{"trigger":"wp_insert_post","request_type":"REST_REQUEST"},"form_data":{"channels":["@dcwwiki"],"delay":0.5,"disable_notification":false,"override_switch":false,"send2tg":"yes","send_featured_image":true,"files":[],"is_from_gb":true},"finish":{"ok":false,"processed":[]},"after":{"result":"441:451:524"}}}

[2023-07-02 21:34:30]
{"tribe_events-428-publish":{"before":{"trigger":"rest_after_insert","request_type":"REST_REQUEST"},"form_data":{"channels":["@dcwwiki"],"delay":0.5,"disable_notification":false,"override_switch":false,"send2tg":"yes","send_featured_image":true,"files":[],"is_from_gb":true},"rules":{"apply":true,"sent2tg":""},"finish":{"ok":false,"processed":[]},"after":{"result":"delayed 0.5"}}}

[2023-07-02 21:34:30]
{"tribe_events-428-publish":{"before":{"trigger":"wp_insert_post","request_type":"IS_GB_METABOX"},"form_data":{"send2tg":null,"override_switch":false},"sv":720,"finish":{"ok":false,"processed":[]},"after":{"result":"441:462:524"}}}

[2023-07-02 21:35:48]
{"tribe_events-428-publish":{"before":{"trigger":"delayed_post","request_type":"DOING_CRON"},"form_data":{"send2tg":null,"override_switch":false},"rules":{"apply":true,"sent2tg":""},"image_source":{"send_image":true,"has_image":false,"send_by_url":false,"source":""},"finish":{"ok":true,"processed":[428]},"after":{"result":{"@dcwwiki":[{"ok":true,"result":{"message_id":78,"author_signature":"Deoband Community Wikimedia","sender_chat":{"id":-1001519093862,"title":"Deoband Community Wikimedia","username":"dcwwiki","type":"channel"},"chat":{"id":-1001519093862,"title":"Deoband Community Wikimedia","username":"dcwwiki","type":"channel"},"date":1688313947,"text":"DCW Conversation Hour July 2023\n\nGetting the most out of The Wikipedia Library\n\nhttps:\/\/hour.dcwwiki.org\/event\/dcw-conversation-hour-july-2023\/","entities":[{"offset":80,"length":63,"type":"url"}],"reply_markup":{"inline_keyboard":[[{"text":"\ud83d\udd17 View Post","url":"https:\/\/hour.dcwwiki.org\/event\/dcw-conversation-hour-july-2023\/"}]]}}}]}}}}

[2023-07-02 21:37:28]
{"revision-488-inherit":{"before":{"trigger":"wp_insert_post","request_type":"POST_REVISION"},"form_data":{"channels":["@dcwwiki"],"delay":0.5,"disable_notification":false,"override_switch":false,"send2tg":"no","send_featured_image":true,"files":[],"is_from_gb":true},"sv":715,"finish":{"ok":false,"processed":[]},"after":{"result":"441:462:524"}}}

[2023-07-02 21:37:28]
{"tribe_events-428-publish":{"before":{"trigger":"wp_insert_post","request_type":"REST_REQUEST"},"form_data":{"channels":["@dcwwiki"],"delay":0.5,"disable_notification":false,"override_switch":false,"send2tg":"no","send_featured_image":true,"files":[],"is_from_gb":true},"finish":{"ok":false,"processed":[]},"after":{"result":"441:451:495:524"}}}

[2023-07-02 21:37:28]
{"tribe_events-428-publish":{"before":{"trigger":"rest_after_insert","request_type":"REST_REQUEST"},"form_data":{"channels":["@dcwwiki"],"delay":0.5,"disable_notification":false,"override_switch":false,"send2tg":"no","send_featured_image":true,"files":[],"is_from_gb":true},"sv":715,"finish":{"ok":false,"processed":[]},"after":{"result":"441:462:495:524"}}}

[2023-07-02 21:37:28]
{"tribe_events-428-publish":{"before":{"trigger":"wp_insert_post","request_type":"IS_GB_METABOX"},"form_data":{"send2tg":null,"override_switch":false},"sv":720,"finish":{"ok":false,"processed":[]},"after":{"result":"441:462:524"}}}

[2023-07-02 21:42:03]
{"tribe_events-428-publish":{"before":{"trigger":"wp_insert_post","request_type":"REST_REQUEST"},"form_data":{"channels":["@dcwwiki"],"delay":0.5,"disable_notification":false,"override_switch":false,"send2tg":"no","send_featured_image":true,"files":[],"is_from_gb":true},"finish":{"ok":false,"processed":[]},"after":{"result":"441:451:495:524"}}}

[2023-07-02 21:42:03]
{"tribe_events-428-publish":{"before":{"trigger":"rest_after_insert","request_type":"REST_REQUEST"},"form_data":{"channels":["@dcwwiki"],"delay":0.5,"disable_notification":false,"override_switch":false,"send2tg":"no","send_featured_image":true,"files":[],"is_from_gb":true},"sv":715,"finish":{"ok":false,"processed":[]},"after":{"result":"441:462:495:524"}}}

[2023-07-02 21:42:03]
{"tribe_events-428-publish":{"before":{"trigger":"wp_insert_post","request_type":"IS_GB_METABOX"},"form_data":{"send2tg":null,"override_switch":false},"sv":720,"finish":{"ok":false,"processed":[]},"after":{"result":"441:462:524"}}}

[2023-07-03 23:53:14]
{"customize_changeset-489-trash":{"before":{"trigger":"wp_insert_post","request_type":null},"form_data":{"send2tg":null,"override_switch":false},"sv":772,"finish":{"ok":false,"processed":[]},"after":{"result":"441:462:524"}}}

[2023-07-03 23:53:14]
{"customize_changeset-489-publish":{"before":{"trigger":"wp_insert_post","request_type":null},"form_data":{"send2tg":null,"override_switch":false},"rules":{"apply":false,"sent2tg":""},"finish":{"ok":false,"processed":[]},"after":{"result":"441:511"}}}

[2023-07-03 23:53:57]
{"customize_changeset-490-trash":{"before":{"trigger":"wp_insert_post","request_type":null},"form_data":{"send2tg":null,"override_switch":false},"sv":772,"finish":{"ok":false,"processed":[]},"after":{"result":"441:462:524"}}}

[2023-07-03 23:53:57]
{"customize_changeset-490-publish":{"before":{"trigger":"wp_insert_post","request_type":null},"form_data":{"send2tg":null,"override_switch":false},"rules":{"apply":false,"sent2tg":""},"finish":{"ok":false,"processed":[]},"after":{"result":"441:511"}}}

[2023-07-08 14:27:48]
{"revision-492-inherit":{"before":{"trigger":"wp_insert_post","request_type":"DOING_AUTOSAVE"},"form_data":{"send2tg":null,"override_switch":false},"sv":762,"finish":{"ok":false,"processed":[]},"after":{"result":"441:462:524"}}}

[2023-07-08 14:28:48]
{"revision-492-inherit":{"before":{"trigger":"wp_insert_post","request_type":"DOING_AUTOSAVE"},"form_data":{"send2tg":null,"override_switch":false},"sv":762,"finish":{"ok":false,"processed":[]},"after":{"result":"441:462:524"}}}

[2023-07-08 14:28:56]
{"revision-493-inherit":{"before":{"trigger":"wp_insert_post","request_type":"POST_REVISION"},"form_data":{"channels":["@dcwwiki"],"delay":0.5,"disable_notification":false,"override_switch":false,"send2tg":"yes","send_featured_image":true,"files":[],"is_from_gb":true},"sv":767,"finish":{"ok":false,"processed":[]},"after":{"result":"441:462:524"}}}

[2023-07-08 14:28:56]
{"tribe_events-428-publish":{"before":{"trigger":"wp_insert_post","request_type":"REST_REQUEST"},"form_data":{"channels":["@dcwwiki"],"delay":0.5,"disable_notification":false,"override_switch":false,"send2tg":"yes","send_featured_image":true,"files":[],"is_from_gb":true},"finish":{"ok":false,"processed":[]},"after":{"result":"441:451:524"}}}

[2023-07-08 14:28:56]
{"tribe_events-428-publish":{"before":{"trigger":"rest_after_insert","request_type":"REST_REQUEST"},"form_data":{"channels":["@dcwwiki"],"delay":0.5,"disable_notification":false,"override_switch":false,"send2tg":"yes","send_featured_image":true,"files":[],"is_from_gb":true},"rules":{"apply":true,"sent2tg":"2023-07-02 21:35:48"},"finish":{"ok":false,"processed":[]},"after":{"result":"delayed 0.5"}}}

[2023-07-08 14:28:56]
{"tribe_events-428-publish":{"before":{"trigger":"wp_insert_post","request_type":"IS_GB_METABOX"},"form_data":{"send2tg":null,"override_switch":false},"sv":720,"finish":{"ok":false,"processed":[]},"after":{"result":"441:462:524"}}}

[2023-07-08 14:29:41]
{"tribe_events-428-publish":{"before":{"trigger":"delayed_post","request_type":"DOING_CRON"},"form_data":{"send2tg":null,"override_switch":false},"rules":{"apply":true,"sent2tg":"2023-07-02 21:35:48"},"image_source":{"send_image":true,"has_image":true,"send_by_url":false,"source":"\/home\/u572932744\/domains\/dcwwiki.org\/public_html\/hour\/wp-content\/uploads\/2023\/06\/20230708_141940_0000.png"},"finish":{"ok":true,"processed":[428]},"after":{"result":{"@dcwwiki":[{"ok":true,"result":{"message_id":84,"sender_chat":{"id":-1001519093862,"title":"Deoband Community Wikimedia","username":"dcwwiki","type":"channel"},"chat":{"id":-1001519093862,"title":"Deoband Community Wikimedia","username":"dcwwiki","type":"channel"},"date":1688806781,"photo":[{"file_id":"AgACAgUAAx0EWouIZgADVGSpJX24Yyu1oRFtgBOWmM_gdf5jAAKztTEbZHVIVV1IafrKnlcWAQADAgADcwADLwQ","file_unique_id":"AQADs7UxG2R1SFV4","file_size":1987,"width":90,"height":90},{"file_id":"AgACAgUAAx0EWouIZgADVGSpJX24Yyu1oRFtgBOWmM_gdf5jAAKztTEbZHVIVV1IafrKnlcWAQADAgADbQADLwQ","file_unique_id":"AQADs7UxG2R1SFVy","file_size":31632,"width":320,"height":320},{"file_id":"AgACAgUAAx0EWouIZgADVGSpJX24Yyu1oRFtgBOWmM_gdf5jAAKztTEbZHVIVV1IafrKnlcWAQADAgADeAADLwQ","file_unique_id":"AQADs7UxG2R1SFV9","file_size":126219,"width":800,"height":800},{"file_id":"AgACAgUAAx0EWouIZgADVGSpJX24Yyu1oRFtgBOWmM_gdf5jAAKztTEbZHVIVV1IafrKnlcWAQADAgADeQADLwQ","file_unique_id":"AQADs7UxG2R1SFV-","file_size":191602,"width":1080,"height":1080}],"caption":"DCW Conversation Hour July 2023\n\nThe conversation hour will cover an overview of TWL, including its purpose, usage guidelines, and tips for maximizing its benefits. The speaker will provide a live demonstration, showcasing how to access the library\u2019s collections and utilize advanced tools such as integrated search.\n\nhttps:\/\/hour.dcwwiki.org\/event\/dcw-conversation-hour-july-2023\/","caption_entities":[{"offset":318,"length":63,"type":"url"}],"reply_markup":{"inline_keyboard":[[{"text":"\ud83d\udd17 View Post","url":"https:\/\/hour.dcwwiki.org\/event\/dcw-conversation-hour-july-2023\/"}]]}}}]}}}}

[2023-07-08 14:46:49]
{"tribe_events-428-publish":{"before":{"trigger":"wp_insert_post","request_type":"REST_REQUEST"},"form_data":{"channels":["@dcwwiki"],"delay":0.5,"disable_notification":false,"override_switch":false,"send2tg":"no","send_featured_image":true,"files":[],"is_from_gb":true},"finish":{"ok":false,"processed":[]},"after":{"result":"441:451:495:524"}}}

[2023-07-08 14:46:49]
{"tribe_events-428-publish":{"before":{"trigger":"rest_after_insert","request_type":"REST_REQUEST"},"form_data":{"channels":["@dcwwiki"],"delay":0.5,"disable_notification":false,"override_switch":false,"send2tg":"no","send_featured_image":true,"files":[],"is_from_gb":true},"sv":715,"finish":{"ok":false,"processed":[]},"after":{"result":"441:462:495:524"}}}

[2023-07-08 14:46:49]
{"tribe_events-428-publish":{"before":{"trigger":"wp_insert_post","request_type":"IS_GB_METABOX"},"form_data":{"send2tg":null,"override_switch":false},"sv":720,"finish":{"ok":false,"processed":[]},"after":{"result":"441:462:524"}}}

[2023-07-08 14:47:18]
{"tribe_events-428-publish":{"before":{"trigger":"wp_insert_post","request_type":"REST_REQUEST"},"form_data":{"send2tg":null,"override_switch":false},"finish":{"ok":false,"processed":[]},"after":{"result":"441:451:524"}}}

[2023-07-08 14:47:18]
{"tribe_events-428-publish":{"before":{"trigger":"rest_after_insert","request_type":"REST_REQUEST"},"form_data":{"send2tg":null,"override_switch":false},"rules":{"apply":true,"sent2tg":"2023-07-08 14:29:41"},"finish":{"ok":false,"processed":[]},"after":{"result":"delayed 0.5"}}}

[2023-07-08 14:47:18]
{"tribe_events-428-publish":{"before":{"trigger":"wp_insert_post","request_type":"IS_GB_METABOX"},"form_data":{"send2tg":null,"override_switch":false},"sv":720,"finish":{"ok":false,"processed":[]},"after":{"result":"441:462:524"}}}

[2023-07-08 14:47:30]
{"post-494-auto-draft":{"before":{"trigger":"wp_insert_post","request_type":null},"form_data":{"send2tg":null,"override_switch":false},"sv":772,"finish":{"ok":false,"processed":[]},"after":{"result":"441:462:524"}}}

[2023-07-08 14:48:09]
{"tribe_events-428-publish":{"before":{"trigger":"delayed_post","request_type":"DOING_CRON"},"form_data":{"send2tg":null,"override_switch":false},"rules":{"apply":true,"sent2tg":"2023-07-08 14:29:41"},"image_source":{"send_image":true,"has_image":true,"send_by_url":false,"source":"\/home\/u572932744\/domains\/dcwwiki.org\/public_html\/hour\/wp-content\/uploads\/2023\/06\/20230708_141940_0000.png"},"finish":{"ok":true,"processed":[428]},"after":{"result":{"@dcwwiki":[{"ok":true,"result":{"message_id":85,"sender_chat":{"id":-1001519093862,"title":"Deoband Community Wikimedia","username":"dcwwiki","type":"channel"},"chat":{"id":-1001519093862,"title":"Deoband Community Wikimedia","username":"dcwwiki","type":"channel"},"date":1688807889,"photo":[{"file_id":"AgACAgUAAx0EWouIZgADVWSpKdBvsUKOY3rcB_6Cyh8MlJdqAAKztTEbZHVIVV1IafrKnlcWAQADAgADcwADLwQ","file_unique_id":"AQADs7UxG2R1SFV4","file_size":1987,"width":90,"height":90},{"file_id":"AgACAgUAAx0EWouIZgADVWSpKdBvsUKOY3rcB_6Cyh8MlJdqAAKztTEbZHVIVV1IafrKnlcWAQADAgADbQADLwQ","file_unique_id":"AQADs7UxG2R1SFVy","file_size":31632,"width":320,"height":320},{"file_id":"AgACAgUAAx0EWouIZgADVWSpKdBvsUKOY3rcB_6Cyh8MlJdqAAKztTEbZHVIVV1IafrKnlcWAQADAgADeAADLwQ","file_unique_id":"AQADs7UxG2R1SFV9","file_size":126219,"width":800,"height":800},{"file_id":"AgACAgUAAx0EWouIZgADVWSpKdBvsUKOY3rcB_6Cyh8MlJdqAAKztTEbZHVIVV1IafrKnlcWAQADAgADeQADLwQ","file_unique_id":"AQADs7UxG2R1SFV-","file_size":191602,"width":1080,"height":1080}],"caption":"DCW Conversation Hour July 2023\n\nThe conversation hour will cover an overview of TWL, including its purpose, usage guidelines, and tips for maximizing its benefits. The speaker will provide a live demonstration, showcasing how to access the library\u2019s collections and utilize advanced tools such as integrated search.\n\nhttps:\/\/hour.dcwwiki.org\/event\/dcw-conversation-hour-july-2023\/","caption_entities":[{"offset":318,"length":63,"type":"url"}],"reply_markup":{"inline_keyboard":[[{"text":"\ud83d\udd17 View Post","url":"https:\/\/hour.dcwwiki.org\/event\/dcw-conversation-hour-july-2023\/"}]]}}}]}}}}

[2023-07-08 14:51:22]
{"tribe_events-428-publish":{"before":{"trigger":"wp_insert_post","request_type":"REST_REQUEST"},"form_data":{"channels":["@dcwwiki"],"delay":0.5,"disable_notification":false,"override_switch":false,"send2tg":"no","send_featured_image":true,"files":[],"is_from_gb":true},"finish":{"ok":false,"processed":[]},"after":{"result":"441:451:495:524"}}}

[2023-07-08 14:51:22]
{"tribe_events-428-publish":{"before":{"trigger":"rest_after_insert","request_type":"REST_REQUEST"},"form_data":{"channels":["@dcwwiki"],"delay":0.5,"disable_notification":false,"override_switch":false,"send2tg":"no","send_featured_image":true,"files":[],"is_from_gb":true},"sv":715,"finish":{"ok":false,"processed":[]},"after":{"result":"441:462:495:524"}}}

[2023-07-08 14:51:24]
{"tribe_events-428-publish":{"before":{"trigger":"wp_insert_post","request_type":"IS_GB_METABOX"},"form_data":{"send2tg":null,"override_switch":false},"sv":720,"finish":{"ok":false,"processed":[]},"after":{"result":"441:462:524"}}}

[2023-07-08 15:10:26]
{"tribe_events-428-publish":{"before":{"trigger":"wp_insert_post","request_type":"REST_REQUEST"},"form_data":{"channels":["@dcwwiki"],"delay":0.5,"disable_notification":false,"override_switch":false,"send2tg":"no","send_featured_image":true,"files":[],"is_from_gb":true},"finish":{"ok":false,"processed":[]},"after":{"result":"441:451:495:524"}}}

[2023-07-08 15:10:26]
{"tribe_events-428-publish":{"before":{"trigger":"rest_after_insert","request_type":"REST_REQUEST"},"form_data":{"channels":["@dcwwiki"],"delay":0.5,"disable_notification":false,"override_switch":false,"send2tg":"no","send_featured_image":true,"files":[],"is_from_gb":true},"sv":715,"finish":{"ok":false,"processed":[]},"after":{"result":"441:462:495:524"}}}

[2023-07-08 15:10:27]
{"tribe_events-428-publish":{"before":{"trigger":"wp_insert_post","request_type":"IS_GB_METABOX"},"form_data":{"send2tg":null,"override_switch":false},"sv":720,"finish":{"ok":false,"processed":[]},"after":{"result":"441:462:524"}}}

[2023-07-08 15:16:26]
{"tribe_events-428-publish":{"before":{"trigger":"wp_insert_post","request_type":"REST_REQUEST"},"form_data":{"channels":["@dcwwiki"],"delay":0.5,"disable_notification":false,"override_switch":false,"send2tg":"no","send_featured_image":true,"files":[],"is_from_gb":true},"finish":{"ok":false,"processed":[]},"after":{"result":"441:451:495:524"}}}

[2023-07-08 15:16:26]
{"tribe_events-428-publish":{"before":{"trigger":"rest_after_insert","request_type":"REST_REQUEST"},"form_data":{"channels":["@dcwwiki"],"delay":0.5,"disable_notification":false,"override_switch":false,"send2tg":"no","send_featured_image":true,"files":[],"is_from_gb":true},"sv":715,"finish":{"ok":false,"processed":[]},"after":{"result":"441:462:495:524"}}}

[2023-07-08 15:16:27]
{"tribe_events-428-publish":{"before":{"trigger":"wp_insert_post","request_type":"IS_GB_METABOX"},"form_data":{"send2tg":null,"override_switch":false},"sv":720,"finish":{"ok":false,"processed":[]},"after":{"result":"441:462:524"}}}

[2023-07-08 15:33:14]
{"tribe_events-428-publish":{"before":{"trigger":"wp_insert_post","request_type":"REST_REQUEST"},"form_data":{"channels":["@dcwwiki"],"delay":0.5,"disable_notification":false,"override_switch":false,"send2tg":"no","send_featured_image":true,"files":[],"is_from_gb":true},"finish":{"ok":false,"processed":[]},"after":{"result":"441:451:495:524"}}}

[2023-07-08 15:33:14]
{"tribe_events-428-publish":{"before":{"trigger":"rest_after_insert","request_type":"REST_REQUEST"},"form_data":{"channels":["@dcwwiki"],"delay":0.5,"disable_notification":false,"override_switch":false,"send2tg":"no","send_featured_image":true,"files":[],"is_from_gb":true},"sv":715,"finish":{"ok":false,"processed":[]},"after":{"result":"441:462:495:524"}}}

[2023-07-08 15:33:16]
{"tribe_events-428-publish":{"before":{"trigger":"wp_insert_post","request_type":"IS_GB_METABOX"},"form_data":{"send2tg":null,"override_switch":false},"sv":720,"finish":{"ok":false,"processed":[]},"after":{"result":"441:462:524"}}}

[2023-07-08 16:00:49]
{"tribe_events-428-publish":{"before":{"trigger":"wp_insert_post","request_type":"REST_REQUEST"},"form_data":{"channels":["@dcwwiki"],"delay":0.5,"disable_notification":false,"override_switch":false,"send2tg":"no","send_featured_image":true,"files":[],"is_from_gb":true},"finish":{"ok":false,"processed":[]},"after":{"result":"441:451:495:524"}}}

[2023-07-08 16:00:49]
{"tribe_events-428-publish":{"before":{"trigger":"rest_after_insert","request_type":"REST_REQUEST"},"form_data":{"channels":["@dcwwiki"],"delay":0.5,"disable_notification":false,"override_switch":false,"send2tg":"no","send_featured_image":true,"files":[],"is_from_gb":true},"sv":715,"finish":{"ok":false,"processed":[]},"after":{"result":"441:462:495:524"}}}

[2023-07-08 16:00:50]
{"tribe_events-428-publish":{"before":{"trigger":"wp_insert_post","request_type":"IS_GB_METABOX"},"form_data":{"send2tg":null,"override_switch":false},"sv":720,"finish":{"ok":false,"processed":[]},"after":{"result":"441:462:524"}}}

[2023-07-09 16:42:07]
{"tribe_events-428-publish":{"before":{"trigger":"wp_insert_post","request_type":"REST_REQUEST"},"form_data":{"channels":["@dcwwiki"],"delay":0.5,"disable_notification":false,"override_switch":false,"send2tg":"no","send_featured_image":true,"files":[],"is_from_gb":true},"finish":{"ok":false,"processed":[]},"after":{"result":"441:451:495:524"}}}

[2023-07-09 16:42:07]
{"tribe_events-428-publish":{"before":{"trigger":"rest_after_insert","request_type":"REST_REQUEST"},"form_data":{"channels":["@dcwwiki"],"delay":0.5,"disable_notification":false,"override_switch":false,"send2tg":"no","send_featured_image":true,"files":[],"is_from_gb":true},"sv":715,"finish":{"ok":false,"processed":[]},"after":{"result":"441:462:495:524"}}}

[2023-07-09 16:42:09]
{"tribe_events-428-publish":{"before":{"trigger":"wp_insert_post","request_type":"IS_GB_METABOX"},"form_data":{"send2tg":null,"override_switch":false},"sv":720,"finish":{"ok":false,"processed":[]},"after":{"result":"441:462:524"}}}

[2023-07-09 16:43:43]
{"tribe_events-428-publish":{"before":{"trigger":"wp_insert_post","request_type":"REST_REQUEST"},"form_data":{"send2tg":null,"override_switch":false},"finish":{"ok":false,"processed":[]},"after":{"result":"441:451:524"}}}

[2023-07-09 16:43:43]
{"tribe_events-428-publish":{"before":{"trigger":"rest_after_insert","request_type":"REST_REQUEST"},"form_data":{"send2tg":null,"override_switch":false},"rules":{"apply":true,"sent2tg":"2023-07-08 14:48:09"},"finish":{"ok":false,"processed":[]},"after":{"result":"delayed 0.5"}}}

[2023-07-09 16:43:44]
{"tribe_events-428-publish":{"before":{"trigger":"wp_insert_post","request_type":"IS_GB_METABOX"},"form_data":{"send2tg":null,"override_switch":false},"sv":720,"finish":{"ok":false,"processed":[]},"after":{"result":"441:462:524"}}}

[2023-07-10 13:57:24]
{"customize_changeset-495-auto-draft":{"before":{"trigger":"wp_insert_post","request_type":"DOING_AUTOSAVE"},"form_data":{"send2tg":null,"override_switch":false},"sv":762,"finish":{"ok":false,"processed":[]},"after":{"result":"441:462:524"}}}

[2023-07-10 13:58:12]
{"customize_changeset-495-trash":{"before":{"trigger":"wp_insert_post","request_type":null},"form_data":{"send2tg":null,"override_switch":false},"sv":772,"finish":{"ok":false,"processed":[]},"after":{"result":"441:462:524"}}}

[2023-07-10 13:58:12]
{"customize_changeset-495-publish":{"before":{"trigger":"wp_insert_post","request_type":null},"form_data":{"send2tg":null,"override_switch":false},"rules":{"apply":false,"sent2tg":""},"finish":{"ok":false,"processed":[]},"after":{"result":"441:511"}}}

[2023-07-10 13:59:11]
{"customize_changeset-496-auto-draft":{"before":{"trigger":"wp_insert_post","request_type":"DOING_AUTOSAVE"},"form_data":{"send2tg":null,"override_switch":false},"sv":762,"finish":{"ok":false,"processed":[]},"after":{"result":"441:462:524"}}}

[2023-07-10 14:00:11]
{"customize_changeset-496-auto-draft":{"before":{"trigger":"wp_insert_post","request_type":"DOING_AUTOSAVE"},"form_data":{"send2tg":null,"override_switch":false},"sv":762,"finish":{"ok":false,"processed":[]},"after":{"result":"441:462:524"}}}

[2023-07-10 14:00:21]
{"customize_changeset-496-auto-draft":{"before":{"trigger":"wp_insert_post","request_type":"DOING_AUTOSAVE"},"form_data":{"send2tg":null,"override_switch":false},"sv":762,"finish":{"ok":false,"processed":[]},"after":{"result":"441:462:524"}}}

[2023-07-10 14:01:05]
{"customize_changeset-496-auto-draft":{"before":{"trigger":"wp_insert_post","request_type":"DOING_AUTOSAVE"},"form_data":{"send2tg":null,"override_switch":false},"sv":762,"finish":{"ok":false,"processed":[]},"after":{"result":"441:462:524"}}}

[2023-07-10 14:01:39]
{"customize_changeset-496-trash":{"before":{"trigger":"wp_insert_post","request_type":null},"form_data":{"send2tg":null,"override_switch":false},"sv":772,"finish":{"ok":false,"processed":[]},"after":{"result":"441:462:524"}}}

[2023-07-10 14:01:39]
{"customize_changeset-496-publish":{"before":{"trigger":"wp_insert_post","request_type":null},"form_data":{"send2tg":null,"override_switch":false},"rules":{"apply":false,"sent2tg":""},"finish":{"ok":false,"processed":[]},"after":{"result":"441:511"}}}

[2023-07-10 14:02:16]
{"customize_changeset-498-trash":{"before":{"trigger":"wp_insert_post","request_type":null},"form_data":{"send2tg":null,"override_switch":false},"sv":772,"finish":{"ok":false,"processed":[]},"after":{"result":"441:462:524"}}}

[2023-07-10 14:02:16]
{"customize_changeset-498-publish":{"before":{"trigger":"wp_insert_post","request_type":null},"form_data":{"send2tg":null,"override_switch":false},"rules":{"apply":false,"sent2tg":""},"finish":{"ok":false,"processed":[]},"after":{"result":"441:511"}}}

[2023-07-10 16:41:14]
{"revision-499-inherit":{"before":{"trigger":"wp_insert_post","request_type":"DOING_AUTOSAVE"},"form_data":{"send2tg":null,"override_switch":false},"sv":762,"finish":{"ok":false,"processed":[]},"after":{"result":"441:462:524"}}}

[2023-07-10 16:41:32]
{"revision-500-inherit":{"before":{"trigger":"wp_insert_post","request_type":"POST_REVISION"},"form_data":{"channels":["@dcwwiki"],"delay":0.5,"disable_notification":false,"override_switch":false,"send2tg":"no","send_featured_image":true,"files":[],"is_from_gb":true},"sv":715,"finish":{"ok":false,"processed":[]},"after":{"result":"441:462:524"}}}

[2023-07-10 16:41:32]
{"page-329-publish":{"before":{"trigger":"wp_insert_post","request_type":"REST_REQUEST"},"form_data":{"channels":["@dcwwiki"],"delay":0.5,"disable_notification":false,"override_switch":false,"send2tg":"no","send_featured_image":true,"files":[],"is_from_gb":true},"finish":{"ok":false,"processed":[]},"after":{"result":"441:451:495:524"}}}

[2023-07-10 16:41:32]
{"page-329-publish":{"before":{"trigger":"rest_after_insert","request_type":"REST_REQUEST"},"form_data":{"channels":["@dcwwiki"],"delay":0.5,"disable_notification":false,"override_switch":false,"send2tg":"no","send_featured_image":true,"files":[],"is_from_gb":true},"sv":715,"finish":{"ok":false,"processed":[]},"after":{"result":"441:462:495:524"}}}

[2023-07-10 16:41:33]
{"page-329-publish":{"before":{"trigger":"wp_insert_post","request_type":"IS_GB_METABOX"},"form_data":{"send2tg":null,"override_switch":false},"sv":720,"finish":{"ok":false,"processed":[]},"after":{"result":"441:462:524"}}}

[2023-07-10 16:43:00]
{"post-501-auto-draft":{"before":{"trigger":"wp_insert_post","request_type":null},"form_data":{"send2tg":null,"override_switch":false},"sv":772,"finish":{"ok":false,"processed":[]},"after":{"result":"441:462:524"}}}

[2023-07-10 16:43:12]
{"tribe_events-502-auto-draft":{"before":{"trigger":"wp_insert_post","request_type":null},"form_data":{"send2tg":null,"override_switch":false},"sv":772,"finish":{"ok":false,"processed":[]},"after":{"result":"441:462:524"}}}

[2023-07-10 16:44:14]
{"tribe_events-502-draft":{"before":{"trigger":"wp_insert_post","request_type":"DOING_AUTOSAVE"},"form_data":{"send2tg":null,"override_switch":false},"finish":{"ok":false,"processed":[]},"after":{"result":"441:451:511"}}}

[2023-07-10 16:45:14]
{"tribe_events-502-draft":{"before":{"trigger":"wp_insert_post","request_type":"DOING_AUTOSAVE"},"form_data":{"send2tg":null,"override_switch":false},"finish":{"ok":false,"processed":[]},"after":{"result":"441:451:511"}}}

[2023-07-10 16:46:15]
{"tribe_events-502-draft":{"before":{"trigger":"wp_insert_post","request_type":"DOING_AUTOSAVE"},"form_data":{"send2tg":null,"override_switch":false},"finish":{"ok":false,"processed":[]},"after":{"result":"441:451:511"}}}

[2023-07-10 16:47:15]
{"tribe_events-502-draft":{"before":{"trigger":"wp_insert_post","request_type":"DOING_AUTOSAVE"},"form_data":{"send2tg":null,"override_switch":false},"finish":{"ok":false,"processed":[]},"after":{"result":"441:451:511"}}}

[2023-07-10 16:48:15]
{"tribe_events-502-draft":{"before":{"trigger":"wp_insert_post","request_type":"DOING_AUTOSAVE"},"form_data":{"send2tg":null,"override_switch":false},"finish":{"ok":false,"processed":[]},"after":{"result":"441:451:511"}}}

[2023-07-10 16:48:58]
{"revision-503-inherit":{"before":{"trigger":"wp_insert_post","request_type":"POST_REVISION"},"form_data":{"channels":["@dcwwiki"],"delay":0.5,"disable_notification":false,"override_switch":false,"send2tg":"no","send_featured_image":true,"files":[],"is_from_gb":true},"sv":715,"finish":{"ok":false,"processed":[]},"after":{"result":"441:462:524"}}}

[2023-07-10 16:48:58]
{"tribe_events-502-publish":{"before":{"trigger":"wp_insert_post","request_type":"REST_REQUEST"},"form_data":{"channels":["@dcwwiki"],"delay":0.5,"disable_notification":false,"override_switch":false,"send2tg":"no","send_featured_image":true,"files":[],"is_from_gb":true},"finish":{"ok":false,"processed":[]},"after":{"result":"441:451:495:524"}}}

[2023-07-10 16:48:58]
{"tribe_events-502-publish":{"before":{"trigger":"rest_after_insert","request_type":"REST_REQUEST"},"form_data":{"channels":["@dcwwiki"],"delay":0.5,"disable_notification":false,"override_switch":false,"send2tg":"no","send_featured_image":true,"files":[],"is_from_gb":true},"sv":715,"finish":{"ok":false,"processed":[]},"after":{"result":"441:462:495:524"}}}

[2023-07-10 16:49:00]
{"tribe_events-502-publish":{"before":{"trigger":"wp_insert_post","request_type":"IS_GB_METABOX"},"form_data":{"send2tg":null,"override_switch":false},"sv":720,"finish":{"ok":false,"processed":[]},"after":{"result":"441:462:524"}}}

[2023-07-10 22:26:00]
{"wp_navigation-504-publish":{"before":{"trigger":"wp_insert_post","request_type":"REST_REQUEST"},"form_data":{"send2tg":null,"override_switch":false},"rules":{"apply":false,"sent2tg":""},"finish":{"ok":false,"processed":[]},"after":{"result":"441:511"}}}

[2023-07-10 22:28:46]
{"revision-505-inherit":{"before":{"trigger":"wp_insert_post","request_type":"DOING_AUTOSAVE"},"form_data":{"send2tg":null,"override_switch":false},"sv":762,"finish":{"ok":false,"processed":[]},"after":{"result":"441:462:524"}}}

[2023-07-10 22:30:46]
{"revision-505-inherit":{"before":{"trigger":"wp_insert_post","request_type":"DOING_AUTOSAVE"},"form_data":{"send2tg":null,"override_switch":false},"sv":762,"finish":{"ok":false,"processed":[]},"after":{"result":"441:462:524"}}}

[2023-07-10 22:33:47]
{"revision-505-inherit":{"before":{"trigger":"wp_insert_post","request_type":"DOING_AUTOSAVE"},"form_data":{"send2tg":null,"override_switch":false},"sv":762,"finish":{"ok":false,"processed":[]},"after":{"result":"441:462:524"}}}

[2023-07-10 22:33:59]
{"revision-505-inherit":{"before":{"trigger":"wp_insert_post","request_type":"DOING_AUTOSAVE"},"form_data":{"send2tg":null,"override_switch":false},"sv":762,"finish":{"ok":false,"processed":[]},"after":{"result":"441:462:524"}}}

[2023-07-10 22:34:35]
{"revision-507-inherit":{"before":{"trigger":"wp_insert_post","request_type":"POST_REVISION"},"form_data":{"channels":["@dcwwiki"],"delay":0.5,"disable_notification":false,"override_switch":false,"send2tg":"no","send_featured_image":true,"files":[],"is_from_gb":true},"sv":715,"finish":{"ok":false,"processed":[]},"after":{"result":"441:462:524"}}}

[2023-07-10 22:34:35]
{"tribe_events-428-publish":{"before":{"trigger":"wp_insert_post","request_type":"REST_REQUEST"},"form_data":{"channels":["@dcwwiki"],"delay":0.5,"disable_notification":false,"override_switch":false,"send2tg":"no","send_featured_image":true,"files":[],"is_from_gb":true},"finish":{"ok":false,"processed":[]},"after":{"result":"441:451:495:524"}}}

[2023-07-10 22:34:35]
{"tribe_events-428-publish":{"before":{"trigger":"rest_after_insert","request_type":"REST_REQUEST"},"form_data":{"channels":["@dcwwiki"],"delay":0.5,"disable_notification":false,"override_switch":false,"send2tg":"no","send_featured_image":true,"files":[],"is_from_gb":true},"sv":715,"finish":{"ok":false,"processed":[]},"after":{"result":"441:462:495:524"}}}

[2023-07-10 22:34:44]
{"tribe_events-428-publish":{"before":{"trigger":"wp_insert_post","request_type":"IS_GB_METABOX"},"form_data":{"send2tg":null,"override_switch":false},"sv":720,"finish":{"ok":false,"processed":[]},"after":{"result":"441:462:524"}}}

[2023-07-10 22:56:07]
{"customize_changeset-508-trash":{"before":{"trigger":"wp_insert_post","request_type":null},"form_data":{"send2tg":null,"override_switch":false},"sv":772,"finish":{"ok":false,"processed":[]},"after":{"result":"441:462:524"}}}

[2023-07-10 22:56:07]
{"customize_changeset-508-publish":{"before":{"trigger":"wp_insert_post","request_type":null},"form_data":{"send2tg":null,"override_switch":false},"rules":{"apply":false,"sent2tg":""},"finish":{"ok":false,"processed":[]},"after":{"result":"441:511"}}}

[2023-07-11 23:55:36]
{"tribe_events-509-auto-draft":{"before":{"trigger":"wp_insert_post","request_type":null},"form_data":{"send2tg":null,"override_switch":false},"sv":772,"finish":{"ok":false,"processed":[]},"after":{"result":"441:462:524"}}}

[2023-07-11 23:56:38]
{"tribe_events-509-draft":{"before":{"trigger":"wp_insert_post","request_type":"DOING_AUTOSAVE"},"form_data":{"send2tg":null,"override_switch":false},"finish":{"ok":false,"processed":[]},"after":{"result":"441:451:511"}}}

[2023-07-11 23:58:39]
{"tribe_events-509-draft":{"before":{"trigger":"wp_insert_post","request_type":"DOING_AUTOSAVE"},"form_data":{"send2tg":null,"override_switch":false},"finish":{"ok":false,"processed":[]},"after":{"result":"441:451:511"}}}

[2023-07-11 23:59:37]
{"revision-510-inherit":{"before":{"trigger":"wp_insert_post","request_type":"POST_REVISION"},"form_data":{"channels":["@dcwwiki"],"delay":0.5,"disable_notification":false,"override_switch":false,"send2tg":"no","send_featured_image":true,"files":[],"is_from_gb":true},"sv":715,"finish":{"ok":false,"processed":[]},"after":{"result":"441:462:524"}}}

[2023-07-11 23:59:37]
{"tribe_events-509-publish":{"before":{"trigger":"wp_insert_post","request_type":"REST_REQUEST"},"form_data":{"channels":["@dcwwiki"],"delay":0.5,"disable_notification":false,"override_switch":false,"send2tg":"no","send_featured_image":true,"files":[],"is_from_gb":true},"finish":{"ok":false,"processed":[]},"after":{"result":"441:451:495:524"}}}

[2023-07-11 23:59:37]
{"tribe_events-509-publish":{"before":{"trigger":"rest_after_insert","request_type":"REST_REQUEST"},"form_data":{"channels":["@dcwwiki"],"delay":0.5,"disable_notification":false,"override_switch":false,"send2tg":"no","send_featured_image":true,"files":[],"is_from_gb":true},"sv":715,"finish":{"ok":false,"processed":[]},"after":{"result":"441:462:495:524"}}}

[2023-07-11 23:59:38]
{"tribe_events-509-publish":{"before":{"trigger":"wp_insert_post","request_type":"IS_GB_METABOX"},"form_data":{"send2tg":null,"override_switch":false},"sv":720,"finish":{"ok":false,"processed":[]},"after":{"result":"441:462:524"}}}

[2023-07-12 00:40:10]
{"tribe_events-509-publish":{"before":{"trigger":"wp_insert_post","request_type":"REST_REQUEST"},"form_data":{"channels":["@dcwwiki"],"delay":0.5,"disable_notification":false,"override_switch":false,"send2tg":"no","send_featured_image":true,"files":[],"is_from_gb":true},"finish":{"ok":false,"processed":[]},"after":{"result":"441:451:495:524"}}}

[2023-07-12 00:40:10]
{"tribe_events-509-publish":{"before":{"trigger":"rest_after_insert","request_type":"REST_REQUEST"},"form_data":{"channels":["@dcwwiki"],"delay":0.5,"disable_notification":false,"override_switch":false,"send2tg":"no","send_featured_image":true,"files":[],"is_from_gb":true},"sv":715,"finish":{"ok":false,"processed":[]},"after":{"result":"441:462:495:524"}}}

[2023-07-12 00:40:11]
{"tribe_events-509-publish":{"before":{"trigger":"wp_insert_post","request_type":"IS_GB_METABOX"},"form_data":{"send2tg":null,"override_switch":false},"sv":720,"finish":{"ok":false,"processed":[]},"after":{"result":"441:462:524"}}}

[2023-07-16 11:19:28]
{"post-511-auto-draft":{"before":{"trigger":"wp_insert_post","request_type":null},"form_data":{"send2tg":null,"override_switch":false},"sv":772,"finish":{"ok":false,"processed":[]},"after":{"result":"441:462:524"}}}

[2023-07-16 16:13:30]
{"revision-513-inherit":{"before":{"trigger":"wp_insert_post","request_type":"DOING_AUTOSAVE"},"form_data":{"send2tg":null,"override_switch":false},"sv":762,"finish":{"ok":false,"processed":[]},"after":{"result":"441:462:524"}}}

[2023-07-16 16:13:35]
{"revision-514-inherit":{"before":{"trigger":"wp_insert_post","request_type":"POST_REVISION"},"form_data":{"channels":["@dcwwiki"],"delay":0.5,"disable_notification":false,"override_switch":false,"send2tg":"no","send_featured_image":true,"files":[],"is_from_gb":true},"sv":715,"finish":{"ok":false,"processed":[]},"after":{"result":"441:462:524"}}}

[2023-07-16 16:13:35]
{"tribe_events-428-publish":{"before":{"trigger":"wp_insert_post","request_type":"REST_REQUEST"},"form_data":{"channels":["@dcwwiki"],"delay":0.5,"disable_notification":false,"override_switch":false,"send2tg":"no","send_featured_image":true,"files":[],"is_from_gb":true},"finish":{"ok":false,"processed":[]},"after":{"result":"441:451:495:524"}}}

[2023-07-16 16:13:35]
{"tribe_events-428-publish":{"before":{"trigger":"rest_after_insert","request_type":"REST_REQUEST"},"form_data":{"channels":["@dcwwiki"],"delay":0.5,"disable_notification":false,"override_switch":false,"send2tg":"no","send_featured_image":true,"files":[],"is_from_gb":true},"sv":715,"finish":{"ok":false,"processed":[]},"after":{"result":"441:462:495:524"}}}

[2023-07-16 16:13:38]
{"tribe_events-428-publish":{"before":{"trigger":"wp_insert_post","request_type":"IS_GB_METABOX"},"form_data":{"send2tg":null,"override_switch":false},"sv":720,"finish":{"ok":false,"processed":[]},"after":{"result":"441:462:524"}}}

[2023-07-28 22:43:09]
{"post-515-auto-draft":{"before":{"trigger":"wp_insert_post","request_type":null},"form_data":{"send2tg":null,"override_switch":false},"sv":772,"finish":{"ok":false,"processed":[]},"after":{"result":"441:462:524"}}}

[2023-07-28 22:44:44]
{"customize_changeset-516-trash":{"before":{"trigger":"wp_insert_post","request_type":null},"form_data":{"send2tg":null,"override_switch":false},"sv":772,"finish":{"ok":false,"processed":[]},"after":{"result":"441:462:524"}}}

[2023-07-28 22:44:44]
{"customize_changeset-516-publish":{"before":{"trigger":"wp_insert_post","request_type":null},"form_data":{"send2tg":null,"override_switch":false},"rules":{"apply":false,"sent2tg":""},"finish":{"ok":false,"processed":[]},"after":{"result":"441:511"}}}

[2023-08-07 20:02:56]
{"post-517-auto-draft":{"before":{"trigger":"wp_insert_post","request_type":null},"form_data":{"send2tg":null,"override_switch":false},"sv":772,"finish":{"ok":false,"processed":[]},"after":{"result":"441:462:524"}}}

[2023-08-16 04:22:17]
{"post-518-auto-draft":{"before":{"trigger":"wp_insert_post","request_type":null},"form_data":{"send2tg":null,"override_switch":false},"sv":772,"finish":{"ok":false,"processed":[]},"after":{"result":"441:462:524"}}}

[2023-08-16 04:23:12]
{"customize_changeset-519-trash":{"before":{"trigger":"wp_insert_post","request_type":null},"form_data":{"send2tg":null,"override_switch":false},"sv":772,"finish":{"ok":false,"processed":[]},"after":{"result":"441:462:524"}}}

[2023-08-16 04:23:12]
{"customize_changeset-519-publish":{"before":{"trigger":"wp_insert_post","request_type":null},"form_data":{"send2tg":null,"override_switch":false},"rules":{"apply":false,"sent2tg":""},"finish":{"ok":false,"processed":[]},"after":{"result":"441:511"}}}

[2023-08-16 04:24:30]
{"revision-520-inherit":{"before":{"trigger":"wp_insert_post","request_type":"DOING_AUTOSAVE"},"form_data":{"send2tg":null,"override_switch":false},"sv":762,"finish":{"ok":false,"processed":[]},"after":{"result":"441:462:524"}}}

[2023-08-16 04:25:30]
{"revision-520-inherit":{"before":{"trigger":"wp_insert_post","request_type":"DOING_AUTOSAVE"},"form_data":{"send2tg":null,"override_switch":false},"sv":762,"finish":{"ok":false,"processed":[]},"after":{"result":"441:462:524"}}}

[2023-08-16 04:26:30]
{"revision-520-inherit":{"before":{"trigger":"wp_insert_post","request_type":"DOING_AUTOSAVE"},"form_data":{"send2tg":null,"override_switch":false},"sv":762,"finish":{"ok":false,"processed":[]},"after":{"result":"441:462:524"}}}

[2023-08-16 04:27:30]
{"revision-520-inherit":{"before":{"trigger":"wp_insert_post","request_type":"DOING_AUTOSAVE"},"form_data":{"send2tg":null,"override_switch":false},"sv":762,"finish":{"ok":false,"processed":[]},"after":{"result":"441:462:524"}}}

[2023-08-16 04:28:30]
{"revision-520-inherit":{"before":{"trigger":"wp_insert_post","request_type":"DOING_AUTOSAVE"},"form_data":{"send2tg":null,"override_switch":false},"sv":762,"finish":{"ok":false,"processed":[]},"after":{"result":"441:462:524"}}}

[2023-08-16 04:29:30]
{"revision-520-inherit":{"before":{"trigger":"wp_insert_post","request_type":"DOING_AUTOSAVE"},"form_data":{"send2tg":null,"override_switch":false},"sv":762,"finish":{"ok":false,"processed":[]},"after":{"result":"441:462:524"}}}

[2023-08-16 04:30:31]
{"revision-520-inherit":{"before":{"trigger":"wp_insert_post","request_type":"DOING_AUTOSAVE"},"form_data":{"send2tg":null,"override_switch":false},"sv":762,"finish":{"ok":false,"processed":[]},"after":{"result":"441:462:524"}}}

[2023-08-16 04:31:31]
{"revision-520-inherit":{"before":{"trigger":"wp_insert_post","request_type":"DOING_AUTOSAVE"},"form_data":{"send2tg":null,"override_switch":false},"sv":762,"finish":{"ok":false,"processed":[]},"after":{"result":"441:462:524"}}}

[2023-08-16 04:32:31]
{"revision-520-inherit":{"before":{"trigger":"wp_insert_post","request_type":"DOING_AUTOSAVE"},"form_data":{"send2tg":null,"override_switch":false},"sv":762,"finish":{"ok":false,"processed":[]},"after":{"result":"441:462:524"}}}

[2023-08-16 04:33:32]
{"revision-520-inherit":{"before":{"trigger":"wp_insert_post","request_type":"DOING_AUTOSAVE"},"form_data":{"send2tg":null,"override_switch":false},"sv":762,"finish":{"ok":false,"processed":[]},"after":{"result":"441:462:524"}}}

[2023-08-16 04:34:32]
{"revision-520-inherit":{"before":{"trigger":"wp_insert_post","request_type":"DOING_AUTOSAVE"},"form_data":{"send2tg":null,"override_switch":false},"sv":762,"finish":{"ok":false,"processed":[]},"after":{"result":"441:462:524"}}}

[2023-08-16 04:35:32]
{"revision-520-inherit":{"before":{"trigger":"wp_insert_post","request_type":"DOING_AUTOSAVE"},"form_data":{"send2tg":null,"override_switch":false},"sv":762,"finish":{"ok":false,"processed":[]},"after":{"result":"441:462:524"}}}

[2023-08-16 04:36:33]
{"revision-520-inherit":{"before":{"trigger":"wp_insert_post","request_type":"DOING_AUTOSAVE"},"form_data":{"send2tg":null,"override_switch":false},"sv":762,"finish":{"ok":false,"processed":[]},"after":{"result":"441:462:524"}}}

[2023-08-16 04:38:34]
{"revision-520-inherit":{"before":{"trigger":"wp_insert_post","request_type":"DOING_AUTOSAVE"},"form_data":{"send2tg":null,"override_switch":false},"sv":762,"finish":{"ok":false,"processed":[]},"after":{"result":"441:462:524"}}}

[2023-08-16 04:39:34]
{"revision-520-inherit":{"before":{"trigger":"wp_insert_post","request_type":"DOING_AUTOSAVE"},"form_data":{"send2tg":null,"override_switch":false},"sv":762,"finish":{"ok":false,"processed":[]},"after":{"result":"441:462:524"}}}

[2023-08-16 04:40:33]
{"revision-521-inherit":{"before":{"trigger":"wp_insert_post","request_type":"POST_REVISION"},"form_data":{"channels":["@dcwwiki"],"delay":0.5,"disable_notification":false,"override_switch":false,"send2tg":"no","send_featured_image":true,"files":[],"is_from_gb":true},"sv":715,"finish":{"ok":false,"processed":[]},"after":{"result":"441:462:524"}}}

[2023-08-16 04:40:33]
{"tribe_events-509-publish":{"before":{"trigger":"wp_insert_post","request_type":"REST_REQUEST"},"form_data":{"channels":["@dcwwiki"],"delay":0.5,"disable_notification":false,"override_switch":false,"send2tg":"no","send_featured_image":true,"files":[],"is_from_gb":true},"finish":{"ok":false,"processed":[]},"after":{"result":"441:451:495:524"}}}

[2023-08-16 04:40:33]
{"tribe_events-509-publish":{"before":{"trigger":"rest_after_insert","request_type":"REST_REQUEST"},"form_data":{"channels":["@dcwwiki"],"delay":0.5,"disable_notification":false,"override_switch":false,"send2tg":"no","send_featured_image":true,"files":[],"is_from_gb":true},"sv":715,"finish":{"ok":false,"processed":[]},"after":{"result":"441:462:495:524"}}}

[2023-08-16 04:40:34]
{"tribe_events-509-publish":{"before":{"trigger":"wp_insert_post","request_type":"IS_GB_METABOX"},"form_data":{"send2tg":null,"override_switch":false},"sv":720,"finish":{"ok":false,"processed":[]},"after":{"result":"441:462:524"}}}

[2023-08-17 21:15:14]
{"revision-522-inherit":{"before":{"trigger":"wp_insert_post","request_type":"POST_REVISION"},"form_data":{"channels":["@dcwwiki"],"delay":0.5,"disable_notification":false,"override_switch":false,"send2tg":"no","send_featured_image":true,"files":[],"is_from_gb":true},"sv":715,"finish":{"ok":false,"processed":[]},"after":{"result":"441:462:524"}}}

[2023-08-17 21:15:14]
{"tribe_events-509-publish":{"before":{"trigger":"wp_insert_post","request_type":"REST_REQUEST"},"form_data":{"channels":["@dcwwiki"],"delay":0.5,"disable_notification":false,"override_switch":false,"send2tg":"no","send_featured_image":true,"files":[],"is_from_gb":true},"finish":{"ok":false,"processed":[]},"after":{"result":"441:451:495:524"}}}

[2023-08-17 21:15:14]
{"tribe_events-509-publish":{"before":{"trigger":"rest_after_insert","request_type":"REST_REQUEST"},"form_data":{"channels":["@dcwwiki"],"delay":0.5,"disable_notification":false,"override_switch":false,"send2tg":"no","send_featured_image":true,"files":[],"is_from_gb":true},"sv":715,"finish":{"ok":false,"processed":[]},"after":{"result":"441:462:495:524"}}}

[2023-08-17 21:15:15]
{"tribe_events-509-publish":{"before":{"trigger":"wp_insert_post","request_type":"IS_GB_METABOX"},"form_data":{"send2tg":null,"override_switch":false},"sv":720,"finish":{"ok":false,"processed":[]},"after":{"result":"441:462:524"}}}

[2023-08-17 21:18:28]
{"tribe_events-523-auto-draft":{"before":{"trigger":"wp_insert_post","request_type":null},"form_data":{"send2tg":null,"override_switch":false},"sv":772,"finish":{"ok":false,"processed":[]},"after":{"result":"441:462:524"}}}

[2023-08-17 21:19:30]
{"tribe_events-523-draft":{"before":{"trigger":"wp_insert_post","request_type":"DOING_AUTOSAVE"},"form_data":{"send2tg":null,"override_switch":false},"finish":{"ok":false,"processed":[]},"after":{"result":"441:451:511"}}}

[2023-08-17 21:20:30]
{"tribe_events-523-draft":{"before":{"trigger":"wp_insert_post","request_type":"DOING_AUTOSAVE"},"form_data":{"send2tg":null,"override_switch":false},"finish":{"ok":false,"processed":[]},"after":{"result":"441:451:511"}}}

[2023-08-17 21:20:52]
{"revision-524-inherit":{"before":{"trigger":"wp_insert_post","request_type":"POST_REVISION"},"form_data":{"channels":["@dcwwiki"],"delay":0.5,"disable_notification":false,"override_switch":false,"send2tg":"no","send_featured_image":true,"files":[],"is_from_gb":true},"sv":715,"finish":{"ok":false,"processed":[]},"after":{"result":"441:462:524"}}}

[2023-08-17 21:20:52]
{"tribe_events-523-publish":{"before":{"trigger":"wp_insert_post","request_type":"REST_REQUEST"},"form_data":{"channels":["@dcwwiki"],"delay":0.5,"disable_notification":false,"override_switch":false,"send2tg":"no","send_featured_image":true,"files":[],"is_from_gb":true},"finish":{"ok":false,"processed":[]},"after":{"result":"441:451:495:524"}}}

[2023-08-17 21:20:52]
{"tribe_events-523-publish":{"before":{"trigger":"rest_after_insert","request_type":"REST_REQUEST"},"form_data":{"channels":["@dcwwiki"],"delay":0.5,"disable_notification":false,"override_switch":false,"send2tg":"no","send_featured_image":true,"files":[],"is_from_gb":true},"sv":715,"finish":{"ok":false,"processed":[]},"after":{"result":"441:462:495:524"}}}

[2023-08-17 21:20:53]
{"tribe_events-523-publish":{"before":{"trigger":"wp_insert_post","request_type":"IS_GB_METABOX"},"form_data":{"send2tg":null,"override_switch":false},"sv":720,"finish":{"ok":false,"processed":[]},"after":{"result":"441:462:524"}}}

[2023-08-17 21:21:04]
{"tribe_events-525-auto-draft":{"before":{"trigger":"wp_insert_post","request_type":null},"form_data":{"send2tg":null,"override_switch":false},"sv":772,"finish":{"ok":false,"processed":[]},"after":{"result":"441:462:524"}}}

[2023-08-17 21:26:31]
{"revision-526-inherit":{"before":{"trigger":"wp_insert_post","request_type":"POST_REVISION"},"form_data":{"channels":["@dcwwiki"],"delay":0.5,"disable_notification":false,"override_switch":false,"send2tg":"yes","send_featured_image":true,"files":[],"is_from_gb":true},"sv":767,"finish":{"ok":false,"processed":[]},"after":{"result":"441:462:524"}}}

[2023-08-17 21:26:31]
{"tribe_events-509-publish":{"before":{"trigger":"wp_insert_post","request_type":"REST_REQUEST"},"form_data":{"channels":["@dcwwiki"],"delay":0.5,"disable_notification":false,"override_switch":false,"send2tg":"yes","send_featured_image":true,"files":[],"is_from_gb":true},"finish":{"ok":false,"processed":[]},"after":{"result":"441:451:524"}}}

[2023-08-17 21:26:31]
{"tribe_events-509-publish":{"before":{"trigger":"rest_after_insert","request_type":"REST_REQUEST"},"form_data":{"channels":["@dcwwiki"],"delay":0.5,"disable_notification":false,"override_switch":false,"send2tg":"yes","send_featured_image":true,"files":[],"is_from_gb":true},"rules":{"apply":true,"sent2tg":""},"finish":{"ok":false,"processed":[]},"after":{"result":"delayed 0.5"}}}

[2023-08-17 21:26:32]
{"tribe_events-509-publish":{"before":{"trigger":"wp_insert_post","request_type":"IS_GB_METABOX"},"form_data":{"send2tg":null,"override_switch":false},"sv":720,"finish":{"ok":false,"processed":[]},"after":{"result":"441:462:524"}}}

[2023-08-17 21:52:53]
{"tribe_events-509-publish":{"before":{"trigger":"delayed_post","request_type":"DOING_CRON"},"form_data":{"send2tg":null,"override_switch":false},"rules":{"apply":true,"sent2tg":""},"image_source":{"send_image":true,"has_image":false,"send_by_url":false,"source":""},"finish":{"ok":true,"processed":[509]},"after":{"result":{"@dcwwiki":[{"ok":true,"result":{"message_id":102,"sender_chat":{"id":-1001519093862,"title":"Deoband Community Wikimedia","username":"dcwwiki","type":"channel"},"chat":{"id":-1001519093862,"title":"Deoband Community Wikimedia","username":"dcwwiki","type":"channel"},"date":1692289372,"text":"DCW Conversation Hour August 2023\n\nhttps:\/\/hour.dcwwiki.org\/event\/dcw-conversation-hour-august-2023\/","entities":[{"offset":35,"length":65,"type":"url"}],"reply_markup":{"inline_keyboard":[[{"text":"\ud83d\udd17 View Post","url":"https:\/\/hour.dcwwiki.org\/event\/dcw-conversation-hour-august-2023\/"}]]}}}]}}}}

[2023-08-19 15:53:24]
{"revision-527-inherit":{"before":{"trigger":"wp_insert_post","request_type":"POST_REVISION"},"form_data":{"channels":["@dcwwiki"],"delay":0.5,"disable_notification":false,"override_switch":false,"send2tg":"no","send_featured_image":true,"files":[],"is_from_gb":true},"sv":715,"finish":{"ok":false,"processed":[]},"after":{"result":"441:462:524"}}}

[2023-08-19 15:53:24]
{"tribe_events-509-publish":{"before":{"trigger":"wp_insert_post","request_type":"REST_REQUEST"},"form_data":{"channels":["@dcwwiki"],"delay":0.5,"disable_notification":false,"override_switch":false,"send2tg":"no","send_featured_image":true,"files":[],"is_from_gb":true},"finish":{"ok":false,"processed":[]},"after":{"result":"441:451:495:524"}}}

[2023-08-19 15:53:24]
{"tribe_events-509-publish":{"before":{"trigger":"rest_after_insert","request_type":"REST_REQUEST"},"form_data":{"channels":["@dcwwiki"],"delay":0.5,"disable_notification":false,"override_switch":false,"send2tg":"no","send_featured_image":true,"files":[],"is_from_gb":true},"sv":715,"finish":{"ok":false,"processed":[]},"after":{"result":"441:462:495:524"}}}

[2023-08-19 15:53:25]
{"tribe_events-509-publish":{"before":{"trigger":"wp_insert_post","request_type":"IS_GB_METABOX"},"form_data":{"send2tg":null,"override_switch":false},"sv":720,"finish":{"ok":false,"processed":[]},"after":{"result":"441:462:524"}}}

[2023-08-19 15:54:03]
{"tribe_events-509-publish":{"before":{"trigger":"wp_insert_post","request_type":"REST_REQUEST"},"form_data":{"channels":["@dcwwiki"],"delay":0.5,"disable_notification":false,"override_switch":false,"send2tg":"no","send_featured_image":true,"files":[],"is_from_gb":true},"finish":{"ok":false,"processed":[]},"after":{"result":"441:451:495:524"}}}

[2023-08-19 15:54:03]
{"tribe_events-509-publish":{"before":{"trigger":"rest_after_insert","request_type":"REST_REQUEST"},"form_data":{"channels":["@dcwwiki"],"delay":0.5,"disable_notification":false,"override_switch":false,"send2tg":"no","send_featured_image":true,"files":[],"is_from_gb":true},"sv":715,"finish":{"ok":false,"processed":[]},"after":{"result":"441:462:495:524"}}}

[2023-08-19 15:54:05]
{"tribe_events-509-publish":{"before":{"trigger":"wp_insert_post","request_type":"IS_GB_METABOX"},"form_data":{"send2tg":null,"override_switch":false},"sv":720,"finish":{"ok":false,"processed":[]},"after":{"result":"441:462:524"}}}

[2023-08-21 10:14:02]
{"revision-529-inherit":{"before":{"trigger":"wp_insert_post","request_type":"DOING_AUTOSAVE"},"form_data":{"send2tg":null,"override_switch":false},"sv":762,"finish":{"ok":false,"processed":[]},"after":{"result":"441:462:524"}}}

[2023-08-21 10:14:44]
{"revision-530-inherit":{"before":{"trigger":"wp_insert_post","request_type":"POST_REVISION"},"form_data":{"channels":["@dcwwiki"],"delay":0.5,"disable_notification":false,"override_switch":false,"send2tg":"yes","send_featured_image":true,"files":[],"is_from_gb":true},"sv":767,"finish":{"ok":false,"processed":[]},"after":{"result":"441:462:524"}}}

[2023-08-21 10:14:44]
{"tribe_events-509-publish":{"before":{"trigger":"wp_insert_post","request_type":"REST_REQUEST"},"form_data":{"channels":["@dcwwiki"],"delay":0.5,"disable_notification":false,"override_switch":false,"send2tg":"yes","send_featured_image":true,"files":[],"is_from_gb":true},"finish":{"ok":false,"processed":[]},"after":{"result":"441:451:524"}}}

[2023-08-21 10:14:44]
{"tribe_events-509-publish":{"before":{"trigger":"rest_after_insert","request_type":"REST_REQUEST"},"form_data":{"channels":["@dcwwiki"],"delay":0.5,"disable_notification":false,"override_switch":false,"send2tg":"yes","send_featured_image":true,"files":[],"is_from_gb":true},"rules":{"apply":true,"sent2tg":"2023-08-17 21:52:53"},"finish":{"ok":false,"processed":[]},"after":{"result":"delayed 0.5"}}}

[2023-08-21 10:14:46]
{"tribe_events-509-publish":{"before":{"trigger":"wp_insert_post","request_type":"IS_GB_METABOX"},"form_data":{"send2tg":null,"override_switch":false},"sv":720,"finish":{"ok":false,"processed":[]},"after":{"result":"441:462:524"}}}

[2023-08-21 10:22:29]
{"revision-531-inherit":{"before":{"trigger":"wp_insert_post","request_type":"POST_REVISION"},"form_data":{"channels":["@dcwwiki"],"delay":0.5,"disable_notification":false,"override_switch":false,"send2tg":"no","send_featured_image":true,"files":[],"is_from_gb":true},"sv":715,"finish":{"ok":false,"processed":[]},"after":{"result":"441:462:524"}}}

[2023-08-21 10:22:29]
{"tribe_events-509-publish":{"before":{"trigger":"wp_insert_post","request_type":"REST_REQUEST"},"form_data":{"channels":["@dcwwiki"],"delay":0.5,"disable_notification":false,"override_switch":false,"send2tg":"no","send_featured_image":true,"files":[],"is_from_gb":true},"finish":{"ok":false,"processed":[]},"after":{"result":"441:451:495:524"}}}

[2023-08-21 10:22:29]
{"tribe_events-509-publish":{"before":{"trigger":"rest_after_insert","request_type":"REST_REQUEST"},"form_data":{"channels":["@dcwwiki"],"delay":0.5,"disable_notification":false,"override_switch":false,"send2tg":"no","send_featured_image":true,"files":[],"is_from_gb":true},"sv":715,"finish":{"ok":false,"processed":[]},"after":{"result":"441:462:495:524"}}}

[2023-08-21 10:22:30]
{"tribe_events-509-publish":{"before":{"trigger":"wp_insert_post","request_type":"IS_GB_METABOX"},"form_data":{"send2tg":null,"override_switch":false},"sv":720,"finish":{"ok":false,"processed":[]},"after":{"result":"441:462:524"}}}

[2023-08-21 10:30:02]
{"revision-532-inherit":{"before":{"trigger":"wp_insert_post","request_type":"POST_REVISION"},"form_data":{"channels":["@dcwwiki"],"delay":0.5,"disable_notification":false,"override_switch":false,"send2tg":"no","send_featured_image":true,"files":[],"is_from_gb":true},"sv":715,"finish":{"ok":false,"processed":[]},"after":{"result":"441:462:524"}}}

[2023-08-21 10:30:02]
{"tribe_events-509-publish":{"before":{"trigger":"wp_insert_post","request_type":"REST_REQUEST"},"form_data":{"channels":["@dcwwiki"],"delay":0.5,"disable_notification":false,"override_switch":false,"send2tg":"no","send_featured_image":true,"files":[],"is_from_gb":true},"finish":{"ok":false,"processed":[]},"after":{"result":"441:451:495:524"}}}

[2023-08-21 10:30:02]
{"tribe_events-509-publish":{"before":{"trigger":"rest_after_insert","request_type":"REST_REQUEST"},"form_data":{"channels":["@dcwwiki"],"delay":0.5,"disable_notification":false,"override_switch":false,"send2tg":"no","send_featured_image":true,"files":[],"is_from_gb":true},"sv":715,"finish":{"ok":false,"processed":[]},"after":{"result":"441:462:495:524"}}}

[2023-08-23 22:04:46]
{"revision-533-inherit":{"before":{"trigger":"wp_insert_post","request_type":"POST_REVISION"},"form_data":{"channels":["@dcwwiki"],"delay":0.5,"disable_notification":false,"override_switch":false,"send2tg":"no","send_featured_image":true,"files":[],"is_from_gb":true},"sv":715,"finish":{"ok":false,"processed":[]},"after":{"result":"441:462:524"}}}

[2023-08-23 22:04:46]
{"tribe_events-509-publish":{"before":{"trigger":"wp_insert_post","request_type":"REST_REQUEST"},"form_data":{"channels":["@dcwwiki"],"delay":0.5,"disable_notification":false,"override_switch":false,"send2tg":"no","send_featured_image":true,"files":[],"is_from_gb":true},"finish":{"ok":false,"processed":[]},"after":{"result":"441:451:495:524"}}}

[2023-08-23 22:04:46]
{"tribe_events-509-publish":{"before":{"trigger":"rest_after_insert","request_type":"REST_REQUEST"},"form_data":{"channels":["@dcwwiki"],"delay":0.5,"disable_notification":false,"override_switch":false,"send2tg":"no","send_featured_image":true,"files":[],"is_from_gb":true},"sv":715,"finish":{"ok":false,"processed":[]},"after":{"result":"441:462:495:524"}}}

[2023-08-23 22:04:47]
{"tribe_events-509-publish":{"before":{"trigger":"wp_insert_post","request_type":"IS_GB_METABOX"},"form_data":{"send2tg":null,"override_switch":false},"sv":720,"finish":{"ok":false,"processed":[]},"after":{"result":"441:462:524"}}}

[2023-08-24 22:13:55]
{"post-534-auto-draft":{"before":{"trigger":"wp_insert_post","request_type":null},"form_data":{"send2tg":null,"override_switch":false},"sv":772,"finish":{"ok":false,"processed":[]},"after":{"result":"441:462:524"}}}

[2023-08-24 22:15:06]
{"customize_changeset-535-auto-draft":{"before":{"trigger":"wp_insert_post","request_type":"DOING_AUTOSAVE"},"form_data":{"send2tg":null,"override_switch":false},"sv":762,"finish":{"ok":false,"processed":[]},"after":{"result":"441:462:524"}}}

[2023-08-24 22:15:51]
{"customize_changeset-535-trash":{"before":{"trigger":"wp_insert_post","request_type":null},"form_data":{"send2tg":null,"override_switch":false},"sv":772,"finish":{"ok":false,"processed":[]},"after":{"result":"441:462:524"}}}

[2023-08-24 22:15:51]
{"customize_changeset-535-publish":{"before":{"trigger":"wp_insert_post","request_type":null},"form_data":{"send2tg":null,"override_switch":false},"rules":{"apply":false,"sent2tg":""},"finish":{"ok":false,"processed":[]},"after":{"result":"441:511"}}}

[2023-08-24 22:16:51]
{"customize_changeset-536-auto-draft":{"before":{"trigger":"wp_insert_post","request_type":"DOING_AUTOSAVE"},"form_data":{"send2tg":null,"override_switch":false},"sv":762,"finish":{"ok":false,"processed":[]},"after":{"result":"441:462:524"}}}

[2023-08-24 22:17:31]
{"customize_changeset-536-auto-draft":{"before":{"trigger":"wp_insert_post","request_type":"DOING_AUTOSAVE"},"form_data":{"send2tg":null,"override_switch":false},"sv":762,"finish":{"ok":false,"processed":[]},"after":{"result":"441:462:524"}}}

[2023-08-24 22:17:41]
{"customize_changeset-536-trash":{"before":{"trigger":"wp_insert_post","request_type":null},"form_data":{"send2tg":null,"override_switch":false},"sv":772,"finish":{"ok":false,"processed":[]},"after":{"result":"441:462:524"}}}

[2023-08-24 22:17:41]
{"customize_changeset-536-publish":{"before":{"trigger":"wp_insert_post","request_type":null},"form_data":{"send2tg":null,"override_switch":false},"rules":{"apply":false,"sent2tg":""},"finish":{"ok":false,"processed":[]},"after":{"result":"441:511"}}}

[2023-09-02 17:42:09]
{"post-537-auto-draft":{"before":{"trigger":"wp_insert_post","request_type":null},"form_data":{"send2tg":null,"override_switch":false},"sv":772,"finish":{"ok":false,"processed":[]},"after":{"result":"441:462:524"}}}

[2023-09-02 17:42:35]
{"customize_changeset-538-trash":{"before":{"trigger":"wp_insert_post","request_type":null},"form_data":{"send2tg":null,"override_switch":false},"sv":772,"finish":{"ok":false,"processed":[]},"after":{"result":"441:462:524"}}}

[2023-09-02 17:42:35]
{"customize_changeset-538-publish":{"before":{"trigger":"wp_insert_post","request_type":null},"form_data":{"send2tg":null,"override_switch":false},"rules":{"apply":false,"sent2tg":""},"finish":{"ok":false,"processed":[]},"after":{"result":"441:511"}}}

[2023-09-05 17:02:21]
{"customize_changeset-539-trash":{"before":{"trigger":"wp_insert_post","request_type":null},"form_data":{"send2tg":null,"override_switch":false},"sv":772,"finish":{"ok":false,"processed":[]},"after":{"result":"441:462:524"}}}

[2023-09-05 17:02:21]
{"customize_changeset-539-publish":{"before":{"trigger":"wp_insert_post","request_type":null},"form_data":{"send2tg":null,"override_switch":false},"rules":{"apply":false,"sent2tg":""},"finish":{"ok":false,"processed":[]},"after":{"result":"441:511"}}}

[2023-09-05 17:03:15]
{"customize_changeset-540-trash":{"before":{"trigger":"wp_insert_post","request_type":null},"form_data":{"send2tg":null,"override_switch":false},"sv":772,"finish":{"ok":false,"processed":[]},"after":{"result":"441:462:524"}}}

[2023-09-05 17:03:15]
{"customize_changeset-540-publish":{"before":{"trigger":"wp_insert_post","request_type":null},"form_data":{"send2tg":null,"override_switch":false},"rules":{"apply":false,"sent2tg":""},"finish":{"ok":false,"processed":[]},"after":{"result":"441:511"}}}

[2023-09-05 17:03:42]
{"customize_changeset-541-auto-draft":{"before":{"trigger":"wp_insert_post","request_type":"DOING_AUTOSAVE"},"form_data":{"send2tg":null,"override_switch":false},"sv":762,"finish":{"ok":false,"processed":[]},"after":{"result":"441:462:524"}}}

[2023-09-05 17:04:38]
{"customize_changeset-541-trash":{"before":{"trigger":"wp_insert_post","request_type":null},"form_data":{"send2tg":null,"override_switch":false},"sv":772,"finish":{"ok":false,"processed":[]},"after":{"result":"441:462:524"}}}

[2023-09-05 17:04:38]
{"customize_changeset-541-publish":{"before":{"trigger":"wp_insert_post","request_type":null},"form_data":{"send2tg":null,"override_switch":false},"rules":{"apply":false,"sent2tg":""},"finish":{"ok":false,"processed":[]},"after":{"result":"441:511"}}}

[2023-09-10 16:41:06]
{"post-542-auto-draft":{"before":{"trigger":"wp_insert_post","request_type":null},"form_data":{"send2tg":null,"override_switch":false},"sv":772,"finish":{"ok":false,"processed":[]},"after":{"result":"441:462:524"}}}

[2023-09-10 16:50:36]
{"customize_changeset-543-auto-draft":{"before":{"trigger":"wp_insert_post","request_type":"DOING_AUTOSAVE"},"form_data":{"send2tg":null,"override_switch":false},"sv":762,"finish":{"ok":false,"processed":[]},"after":{"result":"441:462:524"}}}

[2023-09-12 18:49:23]
{"revision-545-inherit":{"before":{"trigger":"wp_insert_post","request_type":"DOING_AUTOSAVE"},"form_data":{"send2tg":null,"override_switch":false},"sv":762,"finish":{"ok":false,"processed":[]},"after":{"result":"441:462:524"}}}

[2023-09-12 18:50:24]
{"revision-545-inherit":{"before":{"trigger":"wp_insert_post","request_type":"DOING_AUTOSAVE"},"form_data":{"send2tg":null,"override_switch":false},"sv":762,"finish":{"ok":false,"processed":[]},"after":{"result":"441:462:524"}}}

[2023-09-12 18:51:26]
{"revision-545-inherit":{"before":{"trigger":"wp_insert_post","request_type":"DOING_AUTOSAVE"},"form_data":{"send2tg":null,"override_switch":false},"sv":762,"finish":{"ok":false,"processed":[]},"after":{"result":"441:462:524"}}}

[2023-09-12 18:51:57]
{"revision-546-inherit":{"before":{"trigger":"wp_insert_post","request_type":"POST_REVISION"},"form_data":{"channels":["@dcwwiki"],"delay":0.5,"disable_notification":false,"override_switch":false,"send2tg":"no","send_featured_image":true,"files":[],"is_from_gb":true},"sv":715,"finish":{"ok":false,"processed":[]},"after":{"result":"441:462:524"}}}

[2023-09-12 18:51:57]
{"tribe_events-523-publish":{"before":{"trigger":"wp_insert_post","request_type":"REST_REQUEST"},"form_data":{"channels":["@dcwwiki"],"delay":0.5,"disable_notification":false,"override_switch":false,"send2tg":"no","send_featured_image":true,"files":[],"is_from_gb":true},"finish":{"ok":false,"processed":[]},"after":{"result":"441:451:495:524"}}}

[2023-09-12 18:51:57]
{"tribe_events-523-publish":{"before":{"trigger":"rest_after_insert","request_type":"REST_REQUEST"},"form_data":{"channels":["@dcwwiki"],"delay":0.5,"disable_notification":false,"override_switch":false,"send2tg":"no","send_featured_image":true,"files":[],"is_from_gb":true},"sv":715,"finish":{"ok":false,"processed":[]},"after":{"result":"441:462:495:524"}}}

[2023-09-12 18:51:58]
{"tribe_events-523-publish":{"before":{"trigger":"wp_insert_post","request_type":"IS_GB_METABOX"},"form_data":{"send2tg":null,"override_switch":false},"sv":720,"finish":{"ok":false,"processed":[]},"after":{"result":"441:462:524"}}}

[2023-09-12 18:53:56]
{"revision-547-inherit":{"before":{"trigger":"wp_insert_post","request_type":"DOING_AUTOSAVE"},"form_data":{"send2tg":null,"override_switch":false},"sv":762,"finish":{"ok":false,"processed":[]},"after":{"result":"441:462:524"}}}

[2023-09-12 18:54:56]
{"revision-547-inherit":{"before":{"trigger":"wp_insert_post","request_type":"DOING_AUTOSAVE"},"form_data":{"send2tg":null,"override_switch":false},"sv":762,"finish":{"ok":false,"processed":[]},"after":{"result":"441:462:524"}}}

[2023-09-12 18:55:56]
{"revision-547-inherit":{"before":{"trigger":"wp_insert_post","request_type":"DOING_AUTOSAVE"},"form_data":{"send2tg":null,"override_switch":false},"sv":762,"finish":{"ok":false,"processed":[]},"after":{"result":"441:462:524"}}}

[2023-09-12 18:56:56]
{"revision-547-inherit":{"before":{"trigger":"wp_insert_post","request_type":"DOING_AUTOSAVE"},"form_data":{"send2tg":null,"override_switch":false},"sv":762,"finish":{"ok":false,"processed":[]},"after":{"result":"441:462:524"}}}

[2023-09-12 18:57:40]
{"revision-548-inherit":{"before":{"trigger":"wp_insert_post","request_type":"POST_REVISION"},"form_data":{"channels":["@dcwwiki"],"delay":0.5,"disable_notification":false,"override_switch":false,"send2tg":"no","send_featured_image":true,"files":[],"is_from_gb":true},"sv":715,"finish":{"ok":false,"processed":[]},"after":{"result":"441:462:524"}}}

[2023-09-12 18:57:40]
{"tribe_events-523-publish":{"before":{"trigger":"wp_insert_post","request_type":"REST_REQUEST"},"form_data":{"channels":["@dcwwiki"],"delay":0.5,"disable_notification":false,"override_switch":false,"send2tg":"no","send_featured_image":true,"files":[],"is_from_gb":true},"finish":{"ok":false,"processed":[]},"after":{"result":"441:451:495:524"}}}

[2023-09-12 18:57:40]
{"tribe_events-523-publish":{"before":{"trigger":"rest_after_insert","request_type":"REST_REQUEST"},"form_data":{"channels":["@dcwwiki"],"delay":0.5,"disable_notification":false,"override_switch":false,"send2tg":"no","send_featured_image":true,"files":[],"is_from_gb":true},"sv":715,"finish":{"ok":false,"processed":[]},"after":{"result":"441:462:495:524"}}}

[2023-09-12 18:57:41]
{"tribe_events-523-publish":{"before":{"trigger":"wp_insert_post","request_type":"IS_GB_METABOX"},"form_data":{"send2tg":null,"override_switch":false},"sv":720,"finish":{"ok":false,"processed":[]},"after":{"result":"441:462:524"}}}

[2023-09-14 11:05:51]
{"revision-549-inherit":{"before":{"trigger":"wp_insert_post","request_type":"DOING_AUTOSAVE"},"form_data":{"send2tg":null,"override_switch":false},"sv":762,"finish":{"ok":false,"processed":[]},"after":{"result":"441:462:524"}}}

[2023-09-14 11:06:52]
{"revision-549-inherit":{"before":{"trigger":"wp_insert_post","request_type":"DOING_AUTOSAVE"},"form_data":{"send2tg":null,"override_switch":false},"sv":762,"finish":{"ok":false,"processed":[]},"after":{"result":"441:462:524"}}}

[2023-09-14 11:07:55]
{"revision-549-inherit":{"before":{"trigger":"wp_insert_post","request_type":"DOING_AUTOSAVE"},"form_data":{"send2tg":null,"override_switch":false},"sv":762,"finish":{"ok":false,"processed":[]},"after":{"result":"441:462:524"}}}

[2023-09-14 11:08:39]
{"revision-550-inherit":{"before":{"trigger":"wp_insert_post","request_type":"POST_REVISION"},"form_data":{"channels":["@dcwwiki"],"delay":0.5,"disable_notification":false,"override_switch":false,"send2tg":"no","send_featured_image":true,"files":[],"is_from_gb":true},"sv":715,"finish":{"ok":false,"processed":[]},"after":{"result":"441:462:524"}}}

[2023-09-14 11:08:39]
{"tribe_events-523-publish":{"before":{"trigger":"wp_insert_post","request_type":"REST_REQUEST"},"form_data":{"channels":["@dcwwiki"],"delay":0.5,"disable_notification":false,"override_switch":false,"send2tg":"no","send_featured_image":true,"files":[],"is_from_gb":true},"finish":{"ok":false,"processed":[]},"after":{"result":"441:451:495:524"}}}

[2023-09-14 11:08:39]
{"tribe_events-523-publish":{"before":{"trigger":"rest_after_insert","request_type":"REST_REQUEST"},"form_data":{"channels":["@dcwwiki"],"delay":0.5,"disable_notification":false,"override_switch":false,"send2tg":"no","send_featured_image":true,"files":[],"is_from_gb":true},"sv":715,"finish":{"ok":false,"processed":[]},"after":{"result":"441:462:495:524"}}}

[2023-09-14 11:08:40]
{"tribe_events-523-publish":{"before":{"trigger":"wp_insert_post","request_type":"IS_GB_METABOX"},"form_data":{"send2tg":null,"override_switch":false},"sv":720,"finish":{"ok":false,"processed":[]},"after":{"result":"441:462:524"}}}

[2023-09-14 11:12:04]
{"tribe_events-523-publish":{"before":{"trigger":"wp_insert_post","request_type":"REST_REQUEST"},"form_data":{"send2tg":null,"override_switch":false},"finish":{"ok":false,"processed":[]},"after":{"result":"441:451:524"}}}

[2023-09-14 11:12:04]
{"tribe_events-523-publish":{"before":{"trigger":"rest_after_insert","request_type":"REST_REQUEST"},"form_data":{"send2tg":null,"override_switch":false},"rules":{"apply":true,"sent2tg":""},"finish":{"ok":false,"processed":[]},"after":{"result":"delayed 0.5"}}}

[2023-09-14 11:12:05]
{"tribe_events-523-publish":{"before":{"trigger":"wp_insert_post","request_type":"IS_GB_METABOX"},"form_data":{"send2tg":null,"override_switch":false},"sv":720,"finish":{"ok":false,"processed":[]},"after":{"result":"441:462:524"}}}

[2023-09-14 11:13:25]
{"tribe_events-523-publish":{"before":{"trigger":"delayed_post","request_type":"DOING_CRON"},"form_data":{"send2tg":null,"override_switch":false},"rules":{"apply":true,"sent2tg":""},"image_source":{"send_image":true,"has_image":true,"send_by_url":false,"source":"\/home\/u572932744\/domains\/dcwwiki.org\/public_html\/hour\/wp-content\/uploads\/2023\/08\/dcw-sept.png"},"finish":{"ok":true,"processed":[523]},"after":{"result":{"@dcwwiki":[{"ok":true,"result":{"message_id":109,"sender_chat":{"id":-1001519093862,"title":"Deoband Community Wikimedia","username":"dcwwiki","type":"channel"},"chat":{"id":-1001519093862,"title":"Deoband Community Wikimedia","username":"dcwwiki","type":"channel"},"date":1694670204,"photo":[{"file_id":"AgACAgUAAx0EWouIZgADbWUCnX1ZxL1ypGhDfc13aChxBLAMAAI9uDEbQUYZVHdkvJql47i6AQADAgADcwADMAQ","file_unique_id":"AQADPbgxG0FGGVR4","file_size":2002,"width":90,"height":90},{"file_id":"AgACAgUAAx0EWouIZgADbWUCnX1ZxL1ypGhDfc13aChxBLAMAAI9uDEbQUYZVHdkvJql47i6AQADAgADbQADMAQ","file_unique_id":"AQADPbgxG0FGGVRy","file_size":25429,"width":320,"height":320},{"file_id":"AgACAgUAAx0EWouIZgADbWUCnX1ZxL1ypGhDfc13aChxBLAMAAI9uDEbQUYZVHdkvJql47i6AQADAgADeAADMAQ","file_unique_id":"AQADPbgxG0FGGVR9","file_size":88913,"width":800,"height":800},{"file_id":"AgACAgUAAx0EWouIZgADbWUCnX1ZxL1ypGhDfc13aChxBLAMAAI9uDEbQUYZVHdkvJql47i6AQADAgADeQADMAQ","file_unique_id":"AQADPbgxG0FGGVR-","file_size":123588,"width":1080,"height":1080}],"caption":"DCW Conversation Hour September 2023\n\nNinth DCW Conversation Hour, we look forward to exploring transformational leadership in global education. The conversation features Nichole Saad, who formerly led the Education team at the Wikimedia Foundation. She established Reading Wikipedia in the Classroom program which helped train more than 50 trainers in 30 countries reaching more than 7,000 teachers.\n\nhttps:\/\/hour.dcwwiki.org\/event\/dcw-conversation-hour-september-2023\/","caption_entities":[{"offset":402,"length":68,"type":"url"}],"reply_markup":{"inline_keyboard":[[{"text":"\ud83d\udd17 View Post","url":"https:\/\/hour.dcwwiki.org\/event\/dcw-conversation-hour-september-2023\/"}]]}}}]}}}}

[2023-09-15 13:24:00]
{"revision-551-inherit":{"before":{"trigger":"wp_insert_post","request_type":"POST_REVISION"},"form_data":{"channels":["@dcwwiki"],"delay":0.5,"disable_notification":false,"override_switch":false,"send2tg":"yes","send_featured_image":true,"files":[],"is_from_gb":true},"sv":767,"finish":{"ok":false,"processed":[]},"after":{"result":"441:462:524"}}}

[2023-09-15 13:24:00]
{"tribe_events-523-publish":{"before":{"trigger":"wp_insert_post","request_type":"REST_REQUEST"},"form_data":{"channels":["@dcwwiki"],"delay":0.5,"disable_notification":false,"override_switch":false,"send2tg":"yes","send_featured_image":true,"files":[],"is_from_gb":true},"finish":{"ok":false,"processed":[]},"after":{"result":"441:451:524"}}}

[2023-09-15 13:24:00]
{"tribe_events-523-publish":{"before":{"trigger":"rest_after_insert","request_type":"REST_REQUEST"},"form_data":{"channels":["@dcwwiki"],"delay":0.5,"disable_notification":false,"override_switch":false,"send2tg":"yes","send_featured_image":true,"files":[],"is_from_gb":true},"rules":{"apply":true,"sent2tg":"2023-09-14 11:13:25"},"finish":{"ok":false,"processed":[]},"after":{"result":"delayed 0.5"}}}

[2023-09-15 13:24:01]
{"tribe_events-523-publish":{"before":{"trigger":"wp_insert_post","request_type":"IS_GB_METABOX"},"form_data":{"send2tg":null,"override_switch":false},"sv":720,"finish":{"ok":false,"processed":[]},"after":{"result":"441:462:524"}}}

[2023-09-15 13:37:45]
{"tribe_events-523-publish":{"before":{"trigger":"delayed_post","request_type":"DOING_CRON"},"form_data":{"send2tg":null,"override_switch":false},"rules":{"apply":true,"sent2tg":"2023-09-14 11:13:25"},"image_source":{"send_image":true,"has_image":true,"send_by_url":false,"source":"\/home\/u572932744\/domains\/dcwwiki.org\/public_html\/hour\/wp-content\/uploads\/2023\/08\/dcw-sept.png"},"finish":{"ok":true,"processed":[523]},"after":{"result":{"@dcwwiki":[{"ok":true,"result":{"message_id":110,"sender_chat":{"id":-1001519093862,"title":"Deoband Community Wikimedia","username":"dcwwiki","type":"channel"},"chat":{"id":-1001519093862,"title":"Deoband Community Wikimedia","username":"dcwwiki","type":"channel"},"date":1694765264,"photo":[{"file_id":"AgACAgUAAx0EWouIZgADbmUEENB_Wqt0GxJbZSI1KPFKCVqgAAK9uTEbBzshVLayUVHJ52mUAQADAgADcwADMAQ","file_unique_id":"AQADvbkxGwc7IVR4","file_size":2002,"width":90,"height":90},{"file_id":"AgACAgUAAx0EWouIZgADbmUEENB_Wqt0GxJbZSI1KPFKCVqgAAK9uTEbBzshVLayUVHJ52mUAQADAgADbQADMAQ","file_unique_id":"AQADvbkxGwc7IVRy","file_size":25429,"width":320,"height":320},{"file_id":"AgACAgUAAx0EWouIZgADbmUEENB_Wqt0GxJbZSI1KPFKCVqgAAK9uTEbBzshVLayUVHJ52mUAQADAgADeAADMAQ","file_unique_id":"AQADvbkxGwc7IVR9","file_size":88913,"width":800,"height":800},{"file_id":"AgACAgUAAx0EWouIZgADbmUEENB_Wqt0GxJbZSI1KPFKCVqgAAK9uTEbBzshVLayUVHJ52mUAQADAgADeQADMAQ","file_unique_id":"AQADvbkxGwc7IVR-","file_size":123588,"width":1080,"height":1080}],"caption":"DCW Conversation Hour September 2023\n\nNinth DCW Conversation Hour, we look forward to exploring transformational leadership in global education. The conversation features Nichole Saad, who formerly led the Education team at the Wikimedia Foundation. She established Reading Wikipedia in the Classroom program which helped train more than 50 trainers in 30 countries reaching more than 7,000 teachers.\n\nhttps:\/\/hour.dcwwiki.org\/event\/dcw-conversation-hour-september-2023\/","caption_entities":[{"offset":402,"length":68,"type":"url"}],"reply_markup":{"inline_keyboard":[[{"text":"\ud83d\udd17 View Post","url":"https:\/\/hour.dcwwiki.org\/event\/dcw-conversation-hour-september-2023\/"}]]}}}]}}}}

[2023-09-17 00:00:04]
{"revision-553-inherit":{"before":{"trigger":"wp_insert_post","request_type":"DOING_AUTOSAVE"},"form_data":{"send2tg":null,"override_switch":false},"sv":762,"finish":{"ok":false,"processed":[]},"after":{"result":"441:462:524"}}}

[2023-09-17 00:01:04]
{"revision-553-inherit":{"before":{"trigger":"wp_insert_post","request_type":"DOING_AUTOSAVE"},"form_data":{"send2tg":null,"override_switch":false},"sv":762,"finish":{"ok":false,"processed":[]},"after":{"result":"441:462:524"}}}

[2023-09-17 00:02:05]
{"revision-553-inherit":{"before":{"trigger":"wp_insert_post","request_type":"DOING_AUTOSAVE"},"form_data":{"send2tg":null,"override_switch":false},"sv":762,"finish":{"ok":false,"processed":[]},"after":{"result":"441:462:524"}}}

[2023-09-17 00:04:06]
{"revision-553-inherit":{"before":{"trigger":"wp_insert_post","request_type":"DOING_AUTOSAVE"},"form_data":{"send2tg":null,"override_switch":false},"sv":762,"finish":{"ok":false,"processed":[]},"after":{"result":"441:462:524"}}}

[2023-09-17 00:05:06]
{"revision-553-inherit":{"before":{"trigger":"wp_insert_post","request_type":"DOING_AUTOSAVE"},"form_data":{"send2tg":null,"override_switch":false},"sv":762,"finish":{"ok":false,"processed":[]},"after":{"result":"441:462:524"}}}

[2023-09-17 00:06:06]
{"revision-553-inherit":{"before":{"trigger":"wp_insert_post","request_type":"DOING_AUTOSAVE"},"form_data":{"send2tg":null,"override_switch":false},"sv":762,"finish":{"ok":false,"processed":[]},"after":{"result":"441:462:524"}}}

[2023-09-17 00:07:07]
{"revision-553-inherit":{"before":{"trigger":"wp_insert_post","request_type":"DOING_AUTOSAVE"},"form_data":{"send2tg":null,"override_switch":false},"sv":762,"finish":{"ok":false,"processed":[]},"after":{"result":"441:462:524"}}}

[2023-09-17 00:08:07]
{"revision-553-inherit":{"before":{"trigger":"wp_insert_post","request_type":"DOING_AUTOSAVE"},"form_data":{"send2tg":null,"override_switch":false},"sv":762,"finish":{"ok":false,"processed":[]},"after":{"result":"441:462:524"}}}

[2023-09-17 00:09:09]
{"revision-553-inherit":{"before":{"trigger":"wp_insert_post","request_type":"DOING_AUTOSAVE"},"form_data":{"send2tg":null,"override_switch":false},"sv":762,"finish":{"ok":false,"processed":[]},"after":{"result":"441:462:524"}}}

[2023-09-17 00:10:07]
{"revision-553-inherit":{"before":{"trigger":"wp_insert_post","request_type":"DOING_AUTOSAVE"},"form_data":{"send2tg":null,"override_switch":false},"sv":762,"finish":{"ok":false,"processed":[]},"after":{"result":"441:462:524"}}}

[2023-09-17 00:11:07]
{"revision-553-inherit":{"before":{"trigger":"wp_insert_post","request_type":"DOING_AUTOSAVE"},"form_data":{"send2tg":null,"override_switch":false},"sv":762,"finish":{"ok":false,"processed":[]},"after":{"result":"441:462:524"}}}

[2023-09-17 00:11:08]
{"revision-554-inherit":{"before":{"trigger":"wp_insert_post","request_type":"POST_REVISION"},"form_data":{"channels":["@dcwwiki"],"delay":0.5,"disable_notification":false,"override_switch":false,"send2tg":"no","send_featured_image":true,"files":[],"is_from_gb":true},"sv":715,"finish":{"ok":false,"processed":[]},"after":{"result":"441:462:524"}}}

[2023-09-17 00:11:08]
{"tribe_events-123-publish":{"before":{"trigger":"wp_insert_post","request_type":"REST_REQUEST"},"form_data":{"channels":["@dcwwiki"],"delay":0.5,"disable_notification":false,"override_switch":false,"send2tg":"no","send_featured_image":true,"files":[],"is_from_gb":true},"finish":{"ok":false,"processed":[]},"after":{"result":"441:451:495:524"}}}

[2023-09-17 00:11:08]
{"tribe_events-123-publish":{"before":{"trigger":"rest_after_insert","request_type":"REST_REQUEST"},"form_data":{"channels":["@dcwwiki"],"delay":0.5,"disable_notification":false,"override_switch":false,"send2tg":"no","send_featured_image":true,"files":[],"is_from_gb":true},"sv":715,"finish":{"ok":false,"processed":[]},"after":{"result":"441:462:495:524"}}}

[2023-09-17 00:11:09]
{"tribe_events-123-publish":{"before":{"trigger":"wp_insert_post","request_type":"IS_GB_METABOX"},"form_data":{"send2tg":null,"override_switch":false},"sv":720,"finish":{"ok":false,"processed":[]},"after":{"result":"441:462:524"}}}

[2023-09-17 00:19:07]
{"revision-555-inherit":{"before":{"trigger":"wp_insert_post","request_type":"POST_REVISION"},"form_data":{"channels":["@dcwwiki"],"delay":0.5,"disable_notification":false,"override_switch":false,"send2tg":"no","send_featured_image":true,"files":[],"is_from_gb":true},"sv":715,"finish":{"ok":false,"processed":[]},"after":{"result":"441:462:524"}}}

[2023-09-17 00:19:07]
{"tribe_events-123-publish":{"before":{"trigger":"wp_insert_post","request_type":"REST_REQUEST"},"form_data":{"channels":["@dcwwiki"],"delay":0.5,"disable_notification":false,"override_switch":false,"send2tg":"no","send_featured_image":true,"files":[],"is_from_gb":true},"finish":{"ok":false,"processed":[]},"after":{"result":"441:451:495:524"}}}

[2023-09-17 00:19:07]
{"tribe_events-123-publish":{"before":{"trigger":"rest_after_insert","request_type":"REST_REQUEST"},"form_data":{"channels":["@dcwwiki"],"delay":0.5,"disable_notification":false,"override_switch":false,"send2tg":"no","send_featured_image":true,"files":[],"is_from_gb":true},"sv":715,"finish":{"ok":false,"processed":[]},"after":{"result":"441:462:495:524"}}}

[2023-09-17 00:19:09]
{"tribe_events-123-publish":{"before":{"trigger":"wp_insert_post","request_type":"IS_GB_METABOX"},"form_data":{"send2tg":null,"override_switch":false},"sv":720,"finish":{"ok":false,"processed":[]},"after":{"result":"441:462:524"}}}

[2023-09-17 00:20:18]
{"revision-556-inherit":{"before":{"trigger":"wp_insert_post","request_type":"DOING_AUTOSAVE"},"form_data":{"send2tg":null,"override_switch":false},"sv":762,"finish":{"ok":false,"processed":[]},"after":{"result":"441:462:524"}}}

[2023-09-17 00:20:28]
{"revision-557-inherit":{"before":{"trigger":"wp_insert_post","request_type":"POST_REVISION"},"form_data":{"channels":["@dcwwiki"],"delay":0.5,"disable_notification":false,"override_switch":false,"send2tg":"no","send_featured_image":true,"files":[],"is_from_gb":true},"sv":715,"finish":{"ok":false,"processed":[]},"after":{"result":"441:462:524"}}}

[2023-09-17 00:20:28]
{"tribe_events-123-publish":{"before":{"trigger":"wp_insert_post","request_type":"REST_REQUEST"},"form_data":{"channels":["@dcwwiki"],"delay":0.5,"disable_notification":false,"override_switch":false,"send2tg":"no","send_featured_image":true,"files":[],"is_from_gb":true},"finish":{"ok":false,"processed":[]},"after":{"result":"441:451:495:524"}}}

[2023-09-17 00:20:28]
{"tribe_events-123-publish":{"before":{"trigger":"rest_after_insert","request_type":"REST_REQUEST"},"form_data":{"channels":["@dcwwiki"],"delay":0.5,"disable_notification":false,"override_switch":false,"send2tg":"no","send_featured_image":true,"files":[],"is_from_gb":true},"sv":715,"finish":{"ok":false,"processed":[]},"after":{"result":"441:462:495:524"}}}

[2023-09-17 00:20:29]
{"tribe_events-123-publish":{"before":{"trigger":"wp_insert_post","request_type":"IS_GB_METABOX"},"form_data":{"send2tg":null,"override_switch":false},"sv":720,"finish":{"ok":false,"processed":[]},"after":{"result":"441:462:524"}}}

[2023-09-18 14:08:04]
{"post-558-auto-draft":{"before":{"trigger":"wp_insert_post","request_type":null},"form_data":{"send2tg":null,"override_switch":false},"sv":772,"finish":{"ok":false,"processed":[]},"after":{"result":"441:462:524"}}}

[2023-09-18 14:10:00]
{"revision-559-inherit":{"before":{"trigger":"wp_insert_post","request_type":"DOING_AUTOSAVE"},"form_data":{"send2tg":null,"override_switch":false},"sv":762,"finish":{"ok":false,"processed":[]},"after":{"result":"441:462:524"}}}

[2023-09-18 14:10:30]
{"revision-560-inherit":{"before":{"trigger":"wp_insert_post","request_type":"POST_REVISION"},"form_data":{"channels":["@dcwwiki"],"delay":0.5,"disable_notification":false,"override_switch":false,"send2tg":"no","send_featured_image":true,"files":[],"is_from_gb":true},"sv":715,"finish":{"ok":false,"processed":[]},"after":{"result":"441:462:524"}}}

[2023-09-18 14:10:31]
{"tribe_events-523-publish":{"before":{"trigger":"wp_insert_post","request_type":"REST_REQUEST"},"form_data":{"channels":["@dcwwiki"],"delay":0.5,"disable_notification":false,"override_switch":false,"send2tg":"no","send_featured_image":true,"files":[],"is_from_gb":true},"finish":{"ok":false,"processed":[]},"after":{"result":"441:451:495:524"}}}

[2023-09-18 14:10:31]
{"tribe_events-523-publish":{"before":{"trigger":"rest_after_insert","request_type":"REST_REQUEST"},"form_data":{"channels":["@dcwwiki"],"delay":0.5,"disable_notification":false,"override_switch":false,"send2tg":"no","send_featured_image":true,"files":[],"is_from_gb":true},"sv":715,"finish":{"ok":false,"processed":[]},"after":{"result":"441:462:495:524"}}}

[2023-09-18 14:10:32]
{"tribe_events-523-publish":{"before":{"trigger":"wp_insert_post","request_type":"IS_GB_METABOX"},"form_data":{"send2tg":null,"override_switch":false},"sv":720,"finish":{"ok":false,"processed":[]},"after":{"result":"441:462:524"}}}

[2023-09-18 14:11:15]
{"revision-561-inherit":{"before":{"trigger":"wp_insert_post","request_type":"POST_REVISION"},"form_data":{"channels":["@dcwwiki"],"delay":0.5,"disable_notification":false,"override_switch":false,"send2tg":"no","send_featured_image":true,"files":[],"is_from_gb":true},"sv":715,"finish":{"ok":false,"processed":[]},"after":{"result":"441:462:524"}}}

[2023-09-18 14:11:15]
{"tribe_events-523-publish":{"before":{"trigger":"wp_insert_post","request_type":"REST_REQUEST"},"form_data":{"channels":["@dcwwiki"],"delay":0.5,"disable_notification":false,"override_switch":false,"send2tg":"no","send_featured_image":true,"files":[],"is_from_gb":true},"finish":{"ok":false,"processed":[]},"after":{"result":"441:451:495:524"}}}

[2023-09-18 14:11:15]
{"tribe_events-523-publish":{"before":{"trigger":"rest_after_insert","request_type":"REST_REQUEST"},"form_data":{"channels":["@dcwwiki"],"delay":0.5,"disable_notification":false,"override_switch":false,"send2tg":"no","send_featured_image":true,"files":[],"is_from_gb":true},"sv":715,"finish":{"ok":false,"processed":[]},"after":{"result":"441:462:495:524"}}}

[2023-09-18 14:11:16]
{"tribe_events-523-publish":{"before":{"trigger":"wp_insert_post","request_type":"IS_GB_METABOX"},"form_data":{"send2tg":null,"override_switch":false},"sv":720,"finish":{"ok":false,"processed":[]},"after":{"result":"441:462:524"}}}

[2023-09-20 11:58:55]
{"revision-562-inherit":{"before":{"trigger":"wp_insert_post","request_type":"POST_REVISION"},"form_data":{"channels":["@dcwwiki"],"delay":0.5,"disable_notification":false,"override_switch":false,"send2tg":"no","send_featured_image":true,"files":[],"is_from_gb":true},"sv":715,"finish":{"ok":false,"processed":[]},"after":{"result":"441:462:524"}}}

[2023-09-20 11:58:55]
{"tribe_events-123-publish":{"before":{"trigger":"wp_insert_post","request_type":"REST_REQUEST"},"form_data":{"channels":["@dcwwiki"],"delay":0.5,"disable_notification":false,"override_switch":false,"send2tg":"no","send_featured_image":true,"files":[],"is_from_gb":true},"finish":{"ok":false,"processed":[]},"after":{"result":"441:451:495:524"}}}

[2023-09-20 11:58:55]
{"tribe_events-123-publish":{"before":{"trigger":"rest_after_insert","request_type":"REST_REQUEST"},"form_data":{"channels":["@dcwwiki"],"delay":0.5,"disable_notification":false,"override_switch":false,"send2tg":"no","send_featured_image":true,"files":[],"is_from_gb":true},"sv":715,"finish":{"ok":false,"processed":[]},"after":{"result":"441:462:495:524"}}}

[2023-09-20 11:58:56]
{"tribe_events-123-publish":{"before":{"trigger":"wp_insert_post","request_type":"IS_GB_METABOX"},"form_data":{"send2tg":null,"override_switch":false},"sv":720,"finish":{"ok":false,"processed":[]},"after":{"result":"441:462:524"}}}

[2023-09-20 12:00:33]
{"revision-563-inherit":{"before":{"trigger":"wp_insert_post","request_type":"POST_REVISION"},"form_data":{"channels":["@dcwwiki"],"delay":0.5,"disable_notification":false,"override_switch":false,"send2tg":"no","send_featured_image":true,"files":[],"is_from_gb":true},"sv":715,"finish":{"ok":false,"processed":[]},"after":{"result":"441:462:524"}}}

[2023-09-20 12:00:33]
{"tribe_events-123-publish":{"before":{"trigger":"wp_insert_post","request_type":"REST_REQUEST"},"form_data":{"channels":["@dcwwiki"],"delay":0.5,"disable_notification":false,"override_switch":false,"send2tg":"no","send_featured_image":true,"files":[],"is_from_gb":true},"finish":{"ok":false,"processed":[]},"after":{"result":"441:451:495:524"}}}

[2023-09-20 12:00:33]
{"tribe_events-123-publish":{"before":{"trigger":"rest_after_insert","request_type":"REST_REQUEST"},"form_data":{"channels":["@dcwwiki"],"delay":0.5,"disable_notification":false,"override_switch":false,"send2tg":"no","send_featured_image":true,"files":[],"is_from_gb":true},"sv":715,"finish":{"ok":false,"processed":[]},"after":{"result":"441:462:495:524"}}}

[2023-09-20 12:00:34]
{"tribe_events-123-publish":{"before":{"trigger":"wp_insert_post","request_type":"IS_GB_METABOX"},"form_data":{"send2tg":null,"override_switch":false},"sv":720,"finish":{"ok":false,"processed":[]},"after":{"result":"441:462:524"}}}

[2023-09-20 20:47:24]
{"customize_changeset-564-trash":{"before":{"trigger":"wp_insert_post","request_type":null},"form_data":{"send2tg":null,"override_switch":false},"sv":772,"finish":{"ok":false,"processed":[]},"after":{"result":"441:462:524"}}}

[2023-09-20 20:47:24]
{"customize_changeset-564-publish":{"before":{"trigger":"wp_insert_post","request_type":null},"form_data":{"send2tg":null,"override_switch":false},"rules":{"apply":false,"sent2tg":""},"finish":{"ok":false,"processed":[]},"after":{"result":"441:511"}}}

[2023-09-21 23:27:42]
{"customize_changeset-565-trash":{"before":{"trigger":"wp_insert_post","request_type":null},"form_data":{"send2tg":null,"override_switch":false},"sv":772,"finish":{"ok":false,"processed":[]},"after":{"result":"441:462:524"}}}

[2023-09-21 23:27:42]
{"customize_changeset-565-publish":{"before":{"trigger":"wp_insert_post","request_type":null},"form_data":{"send2tg":null,"override_switch":false},"rules":{"apply":false,"sent2tg":""},"finish":{"ok":false,"processed":[]},"after":{"result":"441:511"}}}

[2023-09-21 23:28:09]
{"customize_changeset-566-auto-draft":{"before":{"trigger":"wp_insert_post","request_type":"DOING_AUTOSAVE"},"form_data":{"send2tg":null,"override_switch":false},"sv":762,"finish":{"ok":false,"processed":[]},"after":{"result":"441:462:524"}}}

[2023-09-21 23:28:25]
{"customize_changeset-566-auto-draft":{"before":{"trigger":"wp_insert_post","request_type":"DOING_AUTOSAVE"},"form_data":{"send2tg":null,"override_switch":false},"sv":762,"finish":{"ok":false,"processed":[]},"after":{"result":"441:462:524"}}}

[2023-09-21 23:28:38]
{"customize_changeset-566-trash":{"before":{"trigger":"wp_insert_post","request_type":null},"form_data":{"send2tg":null,"override_switch":false},"sv":772,"finish":{"ok":false,"processed":[]},"after":{"result":"441:462:524"}}}

[2023-09-21 23:28:38]
{"customize_changeset-566-publish":{"before":{"trigger":"wp_insert_post","request_type":null},"form_data":{"send2tg":null,"override_switch":false},"rules":{"apply":false,"sent2tg":""},"finish":{"ok":false,"processed":[]},"after":{"result":"441:511"}}}

[2023-09-21 23:28:56]
{"post-567-auto-draft":{"before":{"trigger":"wp_insert_post","request_type":null},"form_data":{"send2tg":null,"override_switch":false},"sv":772,"finish":{"ok":false,"processed":[]},"after":{"result":"441:462:524"}}}

[2023-09-21 23:29:58]
{"post-567-draft":{"before":{"trigger":"wp_insert_post","request_type":"DOING_AUTOSAVE"},"form_data":{"send2tg":null,"override_switch":false},"finish":{"ok":false,"processed":[]},"after":{"result":"441:451:511"}}}

[2023-09-21 23:30:16]
{"revision-568-inherit":{"before":{"trigger":"wp_insert_post","request_type":"POST_REVISION"},"form_data":{"channels":["@dcwwiki"],"delay":0.5,"disable_notification":false,"override_switch":false,"send2tg":"no","send_featured_image":true,"files":[],"is_from_gb":true},"sv":715,"finish":{"ok":false,"processed":[]},"after":{"result":"441:462:524"}}}

[2023-09-21 23:30:16]
{"post-567-publish":{"before":{"trigger":"wp_insert_post","request_type":"REST_REQUEST"},"form_data":{"channels":["@dcwwiki"],"delay":0.5,"disable_notification":false,"override_switch":false,"send2tg":"no","send_featured_image":true,"files":[],"is_from_gb":true},"finish":{"ok":false,"processed":[]},"after":{"result":"441:451:495:524"}}}

[2023-09-21 23:30:16]
{"post-567-publish":{"before":{"trigger":"rest_after_insert","request_type":"REST_REQUEST"},"form_data":{"channels":["@dcwwiki"],"delay":0.5,"disable_notification":false,"override_switch":false,"send2tg":"no","send_featured_image":true,"files":[],"is_from_gb":true},"sv":715,"finish":{"ok":false,"processed":[]},"after":{"result":"441:462:495:524"}}}

[2023-09-21 23:30:17]
{"post-567-publish":{"before":{"trigger":"wp_insert_post","request_type":"IS_GB_METABOX"},"form_data":{"send2tg":null,"override_switch":false},"sv":720,"finish":{"ok":false,"processed":[]},"after":{"result":"441:462:524"}}}

[2023-09-21 23:30:59]
{"post-567-trash":{"before":{"trigger":"wp_insert_post","request_type":null},"form_data":{"send2tg":null,"override_switch":false},"sv":772,"finish":{"ok":false,"processed":[]},"after":{"result":"441:462:524"}}}

[2023-09-21 23:31:05]
{"tribe_events-569-auto-draft":{"before":{"trigger":"wp_insert_post","request_type":null},"form_data":{"send2tg":null,"override_switch":false},"sv":772,"finish":{"ok":false,"processed":[]},"after":{"result":"441:462:524"}}}

[2023-09-21 23:32:07]
{"tribe_events-569-draft":{"before":{"trigger":"wp_insert_post","request_type":"DOING_AUTOSAVE"},"form_data":{"send2tg":null,"override_switch":false},"finish":{"ok":false,"processed":[]},"after":{"result":"441:451:511"}}}

[2023-09-21 23:32:21]
{"revision-570-inherit":{"before":{"trigger":"wp_insert_post","request_type":"POST_REVISION"},"form_data":{"channels":["@dcwwiki"],"delay":0.5,"disable_notification":false,"override_switch":false,"send2tg":"no","send_featured_image":true,"files":[],"is_from_gb":true},"sv":715,"finish":{"ok":false,"processed":[]},"after":{"result":"441:462:524"}}}

[2023-09-21 23:32:21]
{"tribe_events-569-publish":{"before":{"trigger":"wp_insert_post","request_type":"REST_REQUEST"},"form_data":{"channels":["@dcwwiki"],"delay":0.5,"disable_notification":false,"override_switch":false,"send2tg":"no","send_featured_image":true,"files":[],"is_from_gb":true},"finish":{"ok":false,"processed":[]},"after":{"result":"441:451:495:524"}}}

[2023-09-21 23:32:21]
{"tribe_events-569-publish":{"before":{"trigger":"rest_after_insert","request_type":"REST_REQUEST"},"form_data":{"channels":["@dcwwiki"],"delay":0.5,"disable_notification":false,"override_switch":false,"send2tg":"no","send_featured_image":true,"files":[],"is_from_gb":true},"sv":715,"finish":{"ok":false,"processed":[]},"after":{"result":"441:462:495:524"}}}

[2023-09-21 23:32:22]
{"tribe_events-569-publish":{"before":{"trigger":"wp_insert_post","request_type":"IS_GB_METABOX"},"form_data":{"send2tg":null,"override_switch":false},"sv":720,"finish":{"ok":false,"processed":[]},"after":{"result":"441:462:524"}}}

[2023-09-21 23:33:48]
{"customize_changeset-571-auto-draft":{"before":{"trigger":"wp_insert_post","request_type":"DOING_AUTOSAVE"},"form_data":{"send2tg":null,"override_switch":false},"sv":762,"finish":{"ok":false,"processed":[]},"after":{"result":"441:462:524"}}}

[2023-09-21 23:33:57]
{"customize_changeset-571-trash":{"before":{"trigger":"wp_insert_post","request_type":null},"form_data":{"send2tg":null,"override_switch":false},"sv":772,"finish":{"ok":false,"processed":[]},"after":{"result":"441:462:524"}}}

[2023-09-21 23:33:57]
{"customize_changeset-571-publish":{"before":{"trigger":"wp_insert_post","request_type":null},"form_data":{"send2tg":null,"override_switch":false},"rules":{"apply":false,"sent2tg":""},"finish":{"ok":false,"processed":[]},"after":{"result":"441:511"}}}

[2023-09-22 19:51:23]
{"customize_changeset-572-trash":{"before":{"trigger":"wp_insert_post","request_type":null},"form_data":{"send2tg":null,"override_switch":false},"sv":772,"finish":{"ok":false,"processed":[]},"after":{"result":"441:462:524"}}}

[2023-09-22 19:51:23]
{"customize_changeset-572-publish":{"before":{"trigger":"wp_insert_post","request_type":null},"form_data":{"send2tg":null,"override_switch":false},"rules":{"apply":false,"sent2tg":""},"finish":{"ok":false,"processed":[]},"after":{"result":"441:511"}}}

[2023-09-27 10:40:31]
{"tribe_events-569-publish":{"before":{"trigger":"wp_insert_post","request_type":"REST_REQUEST"},"form_data":{"channels":["@dcwwiki"],"delay":0.5,"disable_notification":false,"override_switch":false,"send2tg":"no","send_featured_image":true,"files":[],"is_from_gb":true},"finish":{"ok":false,"processed":[]},"after":{"result":"441:451:495:524"}}}

[2023-09-27 10:40:31]
{"tribe_events-569-publish":{"before":{"trigger":"rest_after_insert","request_type":"REST_REQUEST"},"form_data":{"channels":["@dcwwiki"],"delay":0.5,"disable_notification":false,"override_switch":false,"send2tg":"no","send_featured_image":true,"files":[],"is_from_gb":true},"sv":715,"finish":{"ok":false,"processed":[]},"after":{"result":"441:462:495:524"}}}

[2023-09-27 10:40:32]
{"tribe_events-569-publish":{"before":{"trigger":"wp_insert_post","request_type":"IS_GB_METABOX"},"form_data":{"send2tg":null,"override_switch":false},"sv":720,"finish":{"ok":false,"processed":[]},"after":{"result":"441:462:524"}}}

[2023-09-27 23:27:18]
{"post-573-auto-draft":{"before":{"trigger":"wp_insert_post","request_type":null},"form_data":{"send2tg":null,"override_switch":false},"sv":772,"finish":{"ok":false,"processed":[]},"after":{"result":"441:462:524"}}}

[2023-10-08 11:16:06]
{"post-574-auto-draft":{"before":{"trigger":"wp_insert_post","request_type":null},"form_data":{"send2tg":null,"override_switch":false},"sv":772,"finish":{"ok":false,"processed":[]},"after":{"result":"441:462:524"}}}

[2023-10-08 11:16:59]
{"customize_changeset-575-trash":{"before":{"trigger":"wp_insert_post","request_type":null},"form_data":{"send2tg":null,"override_switch":false},"sv":772,"finish":{"ok":false,"processed":[]},"after":{"result":"441:462:524"}}}

[2023-10-08 11:16:59]
{"customize_changeset-575-publish":{"before":{"trigger":"wp_insert_post","request_type":null},"form_data":{"send2tg":null,"override_switch":false},"rules":{"apply":false,"sent2tg":""},"finish":{"ok":false,"processed":[]},"after":{"result":"441:511"}}}

[2023-10-08 11:17:39]
{"tribe_events-569-publish":{"before":{"trigger":"wp_insert_post","request_type":"REST_REQUEST"},"form_data":{"channels":["@dcwwiki"],"delay":0.5,"disable_notification":false,"override_switch":false,"send2tg":"no","send_featured_image":true,"files":[],"is_from_gb":true},"finish":{"ok":false,"processed":[]},"after":{"result":"441:451:495:524"}}}

[2023-10-08 11:17:39]
{"tribe_events-569-publish":{"before":{"trigger":"rest_after_insert","request_type":"REST_REQUEST"},"form_data":{"channels":["@dcwwiki"],"delay":0.5,"disable_notification":false,"override_switch":false,"send2tg":"no","send_featured_image":true,"files":[],"is_from_gb":true},"sv":715,"finish":{"ok":false,"processed":[]},"after":{"result":"441:462:495:524"}}}

[2023-10-08 11:17:40]
{"tribe_events-569-publish":{"before":{"trigger":"wp_insert_post","request_type":"IS_GB_METABOX"},"form_data":{"send2tg":null,"override_switch":false},"sv":720,"finish":{"ok":false,"processed":[]},"after":{"result":"441:462:524"}}}

[2023-10-10 10:08:56]
{"revision-576-inherit":{"before":{"trigger":"wp_insert_post","request_type":"POST_REVISION"},"form_data":{"send2tg":null,"override_switch":false},"sv":767,"finish":{"ok":false,"processed":[]},"after":{"result":"441:462:524"}}}

[2023-10-10 10:08:56]
{"page-68-trash":{"before":{"trigger":"wp_insert_post","request_type":"REST_REQUEST"},"form_data":{"send2tg":null,"override_switch":false},"sv":772,"finish":{"ok":false,"processed":[]},"after":{"result":"441:462:524"}}}

[2023-10-10 10:08:56]
{"page-68-trash":{"before":{"trigger":"wp_insert_post","request_type":"REST_REQUEST"},"form_data":{"send2tg":null,"override_switch":false},"finish":{"ok":false,"processed":[]},"after":{"result":"441:451:524"}}}

[2023-10-10 10:08:56]
{"page-68-trash":{"before":{"trigger":"rest_after_insert","request_type":"REST_REQUEST"},"form_data":{"send2tg":null,"override_switch":false},"sv":772,"finish":{"ok":false,"processed":[]},"after":{"result":"441:462:524"}}}

[2023-10-10 10:08:57]
{"page-68-trash":{"before":{"trigger":"wp_insert_post","request_type":"IS_GB_METABOX"},"form_data":{"send2tg":null,"override_switch":false},"sv":720,"finish":{"ok":false,"processed":[]},"after":{"result":"441:462:524"}}}

[2023-10-10 10:09:37]
{"customize_changeset-577-trash":{"before":{"trigger":"wp_insert_post","request_type":null},"form_data":{"send2tg":null,"override_switch":false},"sv":772,"finish":{"ok":false,"processed":[]},"after":{"result":"441:462:524"}}}

[2023-10-10 10:09:37]
{"customize_changeset-577-publish":{"before":{"trigger":"wp_insert_post","request_type":null},"form_data":{"send2tg":null,"override_switch":false},"rules":{"apply":false,"sent2tg":""},"finish":{"ok":false,"processed":[]},"after":{"result":"441:511"}}}

[2023-10-16 19:10:58]
{"post-578-auto-draft":{"before":{"trigger":"wp_insert_post","request_type":null},"form_data":{"send2tg":null,"override_switch":false},"sv":772,"finish":{"ok":false,"processed":[]},"after":{"result":"441:462:524"}}}

[2023-10-16 19:14:50]
{"revision-580-inherit":{"before":{"trigger":"wp_insert_post","request_type":"DOING_AUTOSAVE"},"form_data":{"send2tg":null,"override_switch":false},"sv":762,"finish":{"ok":false,"processed":[]},"after":{"result":"441:462:524"}}}

[2023-10-16 19:15:50]
{"revision-580-inherit":{"before":{"trigger":"wp_insert_post","request_type":"DOING_AUTOSAVE"},"form_data":{"send2tg":null,"override_switch":false},"sv":762,"finish":{"ok":false,"processed":[]},"after":{"result":"441:462:524"}}}

[2023-10-16 19:16:40]
{"revision-581-inherit":{"before":{"trigger":"wp_insert_post","request_type":"POST_REVISION"},"form_data":{"channels":["@dcwwiki"],"delay":0.5,"disable_notification":false,"override_switch":false,"send2tg":"no","send_featured_image":true,"files":[],"is_from_gb":true},"sv":715,"finish":{"ok":false,"processed":[]},"after":{"result":"441:462:524"}}}

[2023-10-16 19:16:40]
{"tribe_events-428-publish":{"before":{"trigger":"wp_insert_post","request_type":"REST_REQUEST"},"form_data":{"channels":["@dcwwiki"],"delay":0.5,"disable_notification":false,"override_switch":false,"send2tg":"no","send_featured_image":true,"files":[],"is_from_gb":true},"finish":{"ok":false,"processed":[]},"after":{"result":"441:451:495:524"}}}

[2023-10-16 19:16:40]
{"tribe_events-428-publish":{"before":{"trigger":"rest_after_insert","request_type":"REST_REQUEST"},"form_data":{"channels":["@dcwwiki"],"delay":0.5,"disable_notification":false,"override_switch":false,"send2tg":"no","send_featured_image":true,"files":[],"is_from_gb":true},"sv":715,"finish":{"ok":false,"processed":[]},"after":{"result":"441:462:495:524"}}}

[2023-10-16 19:16:42]
{"tribe_events-428-publish":{"before":{"trigger":"wp_insert_post","request_type":"IS_GB_METABOX"},"form_data":{"send2tg":null,"override_switch":false},"sv":720,"finish":{"ok":false,"processed":[]},"after":{"result":"441:462:524"}}}

[2023-10-16 19:17:23]
{"revision-582-inherit":{"before":{"trigger":"wp_insert_post","request_type":"DOING_AUTOSAVE"},"form_data":{"send2tg":null,"override_switch":false},"sv":762,"finish":{"ok":false,"processed":[]},"after":{"result":"441:462:524"}}}

[2023-10-16 19:17:27]
{"revision-583-inherit":{"before":{"trigger":"wp_insert_post","request_type":"POST_REVISION"},"form_data":{"channels":["@dcwwiki"],"delay":0.5,"disable_notification":false,"override_switch":false,"send2tg":"no","send_featured_image":true,"files":[],"is_from_gb":true},"sv":715,"finish":{"ok":false,"processed":[]},"after":{"result":"441:462:524"}}}

[2023-10-16 19:17:27]
{"tribe_events-428-publish":{"before":{"trigger":"wp_insert_post","request_type":"REST_REQUEST"},"form_data":{"channels":["@dcwwiki"],"delay":0.5,"disable_notification":false,"override_switch":false,"send2tg":"no","send_featured_image":true,"files":[],"is_from_gb":true},"finish":{"ok":false,"processed":[]},"after":{"result":"441:451:495:524"}}}

[2023-10-16 19:17:27]
{"tribe_events-428-publish":{"before":{"trigger":"rest_after_insert","request_type":"REST_REQUEST"},"form_data":{"channels":["@dcwwiki"],"delay":0.5,"disable_notification":false,"override_switch":false,"send2tg":"no","send_featured_image":true,"files":[],"is_from_gb":true},"sv":715,"finish":{"ok":false,"processed":[]},"after":{"result":"441:462:495:524"}}}

[2023-10-16 19:17:28]
{"tribe_events-428-publish":{"before":{"trigger":"wp_insert_post","request_type":"IS_GB_METABOX"},"form_data":{"send2tg":null,"override_switch":false},"sv":720,"finish":{"ok":false,"processed":[]},"after":{"result":"441:462:524"}}}

[2023-10-16 19:17:42]
{"revision-584-inherit":{"before":{"trigger":"wp_insert_post","request_type":"POST_REVISION"},"form_data":{"channels":["@dcwwiki"],"delay":0.5,"disable_notification":false,"override_switch":false,"send2tg":"no","send_featured_image":true,"files":[],"is_from_gb":true},"sv":715,"finish":{"ok":false,"processed":[]},"after":{"result":"441:462:524"}}}

[2023-10-16 19:17:42]
{"tribe_events-428-publish":{"before":{"trigger":"wp_insert_post","request_type":"REST_REQUEST"},"form_data":{"channels":["@dcwwiki"],"delay":0.5,"disable_notification":false,"override_switch":false,"send2tg":"no","send_featured_image":true,"files":[],"is_from_gb":true},"finish":{"ok":false,"processed":[]},"after":{"result":"441:451:495:524"}}}

[2023-10-16 19:17:42]
{"tribe_events-428-publish":{"before":{"trigger":"rest_after_insert","request_type":"REST_REQUEST"},"form_data":{"channels":["@dcwwiki"],"delay":0.5,"disable_notification":false,"override_switch":false,"send2tg":"no","send_featured_image":true,"files":[],"is_from_gb":true},"sv":715,"finish":{"ok":false,"processed":[]},"after":{"result":"441:462:495:524"}}}

[2023-10-16 19:17:44]
{"tribe_events-428-publish":{"before":{"trigger":"wp_insert_post","request_type":"IS_GB_METABOX"},"form_data":{"send2tg":null,"override_switch":false},"sv":720,"finish":{"ok":false,"processed":[]},"after":{"result":"441:462:524"}}}

[2023-10-16 19:18:04]
{"tribe_events-428-publish":{"before":{"trigger":"wp_insert_post","request_type":"REST_REQUEST"},"form_data":{"send2tg":null,"override_switch":false},"finish":{"ok":false,"processed":[]},"after":{"result":"441:451:524"}}}

[2023-10-16 19:18:04]
{"tribe_events-428-publish":{"before":{"trigger":"rest_after_insert","request_type":"REST_REQUEST"},"form_data":{"send2tg":null,"override_switch":false},"rules":{"apply":true,"sent2tg":"2023-07-08 14:48:09"},"finish":{"ok":false,"processed":[]},"after":{"result":"delayed 0.5"}}}

[2023-10-16 19:18:06]
{"tribe_events-428-publish":{"before":{"trigger":"wp_insert_post","request_type":"IS_GB_METABOX"},"form_data":{"send2tg":null,"override_switch":false},"sv":720,"finish":{"ok":false,"processed":[]},"after":{"result":"441:462:524"}}}

[2023-10-16 19:18:40]
{"tribe_events-428-publish":{"before":{"trigger":"delayed_post","request_type":"DOING_CRON"},"form_data":{"send2tg":null,"override_switch":false},"rules":{"apply":true,"sent2tg":"2023-07-08 14:48:09"},"image_source":{"send_image":true,"has_image":true,"send_by_url":false,"source":"\/home\/u572932744\/domains\/dcwwiki.org\/public_html\/hour\/wp-content\/uploads\/2023\/06\/20230708_141940_0000.png"},"finish":{"ok":true,"processed":[428]},"after":{"result":{"@dcwwiki":[{"ok":true,"result":{"message_id":118,"sender_chat":{"id":-1001519093862,"title":"Deoband Community Wikimedia","username":"dcwwiki","type":"channel"},"chat":{"id":-1001519093862,"title":"Deoband Community Wikimedia","username":"dcwwiki","type":"channel"},"date":1697464120,"photo":[{"file_id":"AgACAgUAAx0EWouIZgADdmUtPzgE7aJlAdehWu22COSI9JzZAALzwzEbORloVZxnhlSHn16XAQADAgADcwADMAQ","file_unique_id":"AQAD88MxGzkZaFV4","file_size":1979,"width":90,"height":90},{"file_id":"AgACAgUAAx0EWouIZgADdmUtPzgE7aJlAdehWu22COSI9JzZAALzwzEbORloVZxnhlSHn16XAQADAgADbQADMAQ","file_unique_id":"AQAD88MxGzkZaFVy","file_size":31631,"width":320,"height":320},{"file_id":"AgACAgUAAx0EWouIZgADdmUtPzgE7aJlAdehWu22COSI9JzZAALzwzEbORloVZxnhlSHn16XAQADAgADeAADMAQ","file_unique_id":"AQAD88MxGzkZaFV9","file_size":126195,"width":800,"height":800},{"file_id":"AgACAgUAAx0EWouIZgADdmUtPzgE7aJlAdehWu22COSI9JzZAALzwzEbORloVZxnhlSHn16XAQADAgADeQADMAQ","file_unique_id":"AQAD88MxGzkZaFV-","file_size":191602,"width":1080,"height":1080}],"caption":"DCW Conversation Hour July 2023\n\nThe conversation hour will cover an overview of TWL, including its purpose, usage guidelines, and tips for maximizing its benefits. The speaker will provide a live demonstration, showcasing how to access the library\u2019s collections and utilize advanced tools such as integrated search.\n\nhttps:\/\/hour.dcwwiki.org\/event\/dcw-conversation-hour-july-2023\/","caption_entities":[{"offset":318,"length":63,"type":"url"}],"reply_markup":{"inline_keyboard":[[{"text":"\ud83d\udd17 View Post","url":"https:\/\/hour.dcwwiki.org\/event\/dcw-conversation-hour-july-2023\/"}]]}}}]}}}}

[2023-10-16 19:19:55]
{"revision-585-inherit":{"before":{"trigger":"wp_insert_post","request_type":"DOING_AUTOSAVE"},"form_data":{"send2tg":null,"override_switch":false},"sv":762,"finish":{"ok":false,"processed":[]},"after":{"result":"441:462:524"}}}

[2023-10-16 19:19:57]
{"revision-586-inherit":{"before":{"trigger":"wp_insert_post","request_type":"POST_REVISION"},"form_data":{"channels":["@dcwwiki"],"delay":0.5,"disable_notification":false,"override_switch":false,"send2tg":"no","send_featured_image":true,"files":[],"is_from_gb":true},"sv":715,"finish":{"ok":false,"processed":[]},"after":{"result":"441:462:524"}}}

[2023-10-16 19:19:57]
{"tribe_events-123-publish":{"before":{"trigger":"wp_insert_post","request_type":"REST_REQUEST"},"form_data":{"channels":["@dcwwiki"],"delay":0.5,"disable_notification":false,"override_switch":false,"send2tg":"no","send_featured_image":true,"files":[],"is_from_gb":true},"finish":{"ok":false,"processed":[]},"after":{"result":"441:451:495:524"}}}

[2023-10-16 19:19:57]
{"tribe_events-123-publish":{"before":{"trigger":"rest_after_insert","request_type":"REST_REQUEST"},"form_data":{"channels":["@dcwwiki"],"delay":0.5,"disable_notification":false,"override_switch":false,"send2tg":"no","send_featured_image":true,"files":[],"is_from_gb":true},"sv":715,"finish":{"ok":false,"processed":[]},"after":{"result":"441:462:495:524"}}}

[2023-10-16 19:19:58]
{"tribe_events-123-publish":{"before":{"trigger":"wp_insert_post","request_type":"IS_GB_METABOX"},"form_data":{"send2tg":null,"override_switch":false},"sv":720,"finish":{"ok":false,"processed":[]},"after":{"result":"441:462:524"}}}

[2023-10-16 19:22:06]
{"revision-587-inherit":{"before":{"trigger":"wp_insert_post","request_type":"DOING_AUTOSAVE"},"form_data":{"send2tg":null,"override_switch":false},"sv":762,"finish":{"ok":false,"processed":[]},"after":{"result":"441:462:524"}}}

[2023-10-16 19:23:06]
{"revision-587-inherit":{"before":{"trigger":"wp_insert_post","request_type":"DOING_AUTOSAVE"},"form_data":{"send2tg":null,"override_switch":false},"sv":762,"finish":{"ok":false,"processed":[]},"after":{"result":"441:462:524"}}}

[2023-10-16 19:23:07]
{"revision-588-inherit":{"before":{"trigger":"wp_insert_post","request_type":"POST_REVISION"},"form_data":{"channels":["@dcwwiki"],"delay":0.5,"disable_notification":false,"override_switch":false,"send2tg":"no","send_featured_image":true,"files":[],"is_from_gb":true},"sv":715,"finish":{"ok":false,"processed":[]},"after":{"result":"441:462:524"}}}

[2023-10-16 19:23:07]
{"tribe_events-569-publish":{"before":{"trigger":"wp_insert_post","request_type":"REST_REQUEST"},"form_data":{"channels":["@dcwwiki"],"delay":0.5,"disable_notification":false,"override_switch":false,"send2tg":"no","send_featured_image":true,"files":[],"is_from_gb":true},"finish":{"ok":false,"processed":[]},"after":{"result":"441:451:495:524"}}}

[2023-10-16 19:23:07]
{"tribe_events-569-publish":{"before":{"trigger":"rest_after_insert","request_type":"REST_REQUEST"},"form_data":{"channels":["@dcwwiki"],"delay":0.5,"disable_notification":false,"override_switch":false,"send2tg":"no","send_featured_image":true,"files":[],"is_from_gb":true},"sv":715,"finish":{"ok":false,"processed":[]},"after":{"result":"441:462:495:524"}}}

[2023-10-16 19:23:09]
{"tribe_events-569-publish":{"before":{"trigger":"wp_insert_post","request_type":"IS_GB_METABOX"},"form_data":{"send2tg":null,"override_switch":false},"sv":720,"finish":{"ok":false,"processed":[]},"after":{"result":"441:462:524"}}}

[2023-10-17 22:06:13]
{"revision-589-inherit":{"before":{"trigger":"wp_insert_post","request_type":"DOING_AUTOSAVE"},"form_data":{"send2tg":null,"override_switch":false},"sv":762,"finish":{"ok":false,"processed":[]},"after":{"result":"441:462:524"}}}

[2023-10-18 13:07:17]
{"revision-589-inherit":{"before":{"trigger":"wp_insert_post","request_type":"DOING_AUTOSAVE"},"form_data":{"send2tg":null,"override_switch":false},"sv":762,"finish":{"ok":false,"processed":[]},"after":{"result":"441:462:524"}}}

[2023-10-18 13:08:16]
{"revision-589-inherit":{"before":{"trigger":"wp_insert_post","request_type":"DOING_AUTOSAVE"},"form_data":{"send2tg":null,"override_switch":false},"sv":762,"finish":{"ok":false,"processed":[]},"after":{"result":"441:462:524"}}}

[2023-10-18 13:09:16]
{"revision-589-inherit":{"before":{"trigger":"wp_insert_post","request_type":"DOING_AUTOSAVE"},"form_data":{"send2tg":null,"override_switch":false},"sv":762,"finish":{"ok":false,"processed":[]},"after":{"result":"441:462:524"}}}

[2023-10-18 13:10:06]
{"revision-590-inherit":{"before":{"trigger":"wp_insert_post","request_type":"POST_REVISION"},"form_data":{"channels":["@dcwwiki"],"delay":0.5,"disable_notification":false,"override_switch":false,"send2tg":"no","send_featured_image":true,"files":[],"is_from_gb":true},"sv":715,"finish":{"ok":false,"processed":[]},"after":{"result":"441:462:524"}}}

[2023-10-18 13:10:06]
{"tribe_events-569-publish":{"before":{"trigger":"wp_insert_post","request_type":"REST_REQUEST"},"form_data":{"channels":["@dcwwiki"],"delay":0.5,"disable_notification":false,"override_switch":false,"send2tg":"no","send_featured_image":true,"files":[],"is_from_gb":true},"finish":{"ok":false,"processed":[]},"after":{"result":"441:451:495:524"}}}

[2023-10-18 13:10:06]
{"tribe_events-569-publish":{"before":{"trigger":"rest_after_insert","request_type":"REST_REQUEST"},"form_data":{"channels":["@dcwwiki"],"delay":0.5,"disable_notification":false,"override_switch":false,"send2tg":"no","send_featured_image":true,"files":[],"is_from_gb":true},"sv":715,"finish":{"ok":false,"processed":[]},"after":{"result":"441:462:495:524"}}}

[2023-10-18 13:10:08]
{"tribe_events-569-publish":{"before":{"trigger":"wp_insert_post","request_type":"IS_GB_METABOX"},"form_data":{"send2tg":null,"override_switch":false},"sv":720,"finish":{"ok":false,"processed":[]},"after":{"result":"441:462:524"}}}

[2023-10-18 13:11:21]
{"revision-591-inherit":{"before":{"trigger":"wp_insert_post","request_type":"POST_REVISION"},"form_data":{"channels":["@dcwwiki"],"delay":0.5,"disable_notification":false,"override_switch":false,"send2tg":"no","send_featured_image":true,"files":[],"is_from_gb":true},"sv":715,"finish":{"ok":false,"processed":[]},"after":{"result":"441:462:524"}}}

[2023-10-18 13:11:21]
{"tribe_events-569-publish":{"before":{"trigger":"wp_insert_post","request_type":"REST_REQUEST"},"form_data":{"channels":["@dcwwiki"],"delay":0.5,"disable_notification":false,"override_switch":false,"send2tg":"no","send_featured_image":true,"files":[],"is_from_gb":true},"finish":{"ok":false,"processed":[]},"after":{"result":"441:451:495:524"}}}

[2023-10-18 13:11:21]
{"tribe_events-569-publish":{"before":{"trigger":"rest_after_insert","request_type":"REST_REQUEST"},"form_data":{"channels":["@dcwwiki"],"delay":0.5,"disable_notification":false,"override_switch":false,"send2tg":"no","send_featured_image":true,"files":[],"is_from_gb":true},"sv":715,"finish":{"ok":false,"processed":[]},"after":{"result":"441:462:495:524"}}}

[2023-10-18 13:11:22]
{"tribe_events-569-publish":{"before":{"trigger":"wp_insert_post","request_type":"IS_GB_METABOX"},"form_data":{"send2tg":null,"override_switch":false},"sv":720,"finish":{"ok":false,"processed":[]},"after":{"result":"441:462:524"}}}

[2023-10-19 09:39:06]
{"revision-592-inherit":{"before":{"trigger":"wp_insert_post","request_type":"DOING_AUTOSAVE"},"form_data":{"send2tg":null,"override_switch":false},"sv":762,"finish":{"ok":false,"processed":[]},"after":{"result":"441:462:524"}}}

[2023-10-19 09:40:07]
{"revision-592-inherit":{"before":{"trigger":"wp_insert_post","request_type":"DOING_AUTOSAVE"},"form_data":{"send2tg":null,"override_switch":false},"sv":762,"finish":{"ok":false,"processed":[]},"after":{"result":"441:462:524"}}}

[2023-10-19 09:41:07]
{"revision-592-inherit":{"before":{"trigger":"wp_insert_post","request_type":"DOING_AUTOSAVE"},"form_data":{"send2tg":null,"override_switch":false},"sv":762,"finish":{"ok":false,"processed":[]},"after":{"result":"441:462:524"}}}

[2023-10-19 09:42:07]
{"revision-592-inherit":{"before":{"trigger":"wp_insert_post","request_type":"DOING_AUTOSAVE"},"form_data":{"send2tg":null,"override_switch":false},"sv":762,"finish":{"ok":false,"processed":[]},"after":{"result":"441:462:524"}}}

[2023-10-19 09:43:07]
{"revision-592-inherit":{"before":{"trigger":"wp_insert_post","request_type":"DOING_AUTOSAVE"},"form_data":{"send2tg":null,"override_switch":false},"sv":762,"finish":{"ok":false,"processed":[]},"after":{"result":"441:462:524"}}}

[2023-10-19 09:44:37]
{"revision-593-inherit":{"before":{"trigger":"wp_insert_post","request_type":"POST_REVISION"},"form_data":{"channels":["@dcwwiki"],"delay":0.5,"disable_notification":false,"override_switch":false,"send2tg":"yes","send_featured_image":true,"files":[],"is_from_gb":true},"sv":767,"finish":{"ok":false,"processed":[]},"after":{"result":"441:462:524"}}}

[2023-10-19 09:44:37]
{"tribe_events-569-publish":{"before":{"trigger":"wp_insert_post","request_type":"REST_REQUEST"},"form_data":{"channels":["@dcwwiki"],"delay":0.5,"disable_notification":false,"override_switch":false,"send2tg":"yes","send_featured_image":true,"files":[],"is_from_gb":true},"finish":{"ok":false,"processed":[]},"after":{"result":"441:451:524"}}}

[2023-10-19 09:44:37]
{"tribe_events-569-publish":{"before":{"trigger":"rest_after_insert","request_type":"REST_REQUEST"},"form_data":{"channels":["@dcwwiki"],"delay":0.5,"disable_notification":false,"override_switch":false,"send2tg":"yes","send_featured_image":true,"files":[],"is_from_gb":true},"rules":{"apply":true,"sent2tg":""},"finish":{"ok":false,"processed":[]},"after":{"result":"delayed 0.5"}}}

[2023-10-19 09:44:38]
{"tribe_events-569-publish":{"before":{"trigger":"wp_insert_post","request_type":"IS_GB_METABOX"},"form_data":{"send2tg":null,"override_switch":false},"sv":720,"finish":{"ok":false,"processed":[]},"after":{"result":"441:462:524"}}}

[2023-10-19 09:58:38]
{"revision-594-inherit":{"before":{"trigger":"wp_insert_post","request_type":"POST_REVISION"},"form_data":{"channels":["@dcwwiki"],"delay":0.5,"disable_notification":false,"override_switch":false,"send2tg":"yes","send_featured_image":true,"files":[],"is_from_gb":true},"sv":767,"finish":{"ok":false,"processed":[]},"after":{"result":"441:462:524"}}}

[2023-10-19 09:58:38]
{"tribe_events-569-publish":{"before":{"trigger":"wp_insert_post","request_type":"REST_REQUEST"},"form_data":{"channels":["@dcwwiki"],"delay":0.5,"disable_notification":false,"override_switch":false,"send2tg":"yes","send_featured_image":true,"files":[],"is_from_gb":true},"finish":{"ok":false,"processed":[]},"after":{"result":"441:451:524"}}}

[2023-10-19 09:58:38]
{"tribe_events-569-publish":{"before":{"trigger":"rest_after_insert","request_type":"REST_REQUEST"},"form_data":{"channels":["@dcwwiki"],"delay":0.5,"disable_notification":false,"override_switch":false,"send2tg":"yes","send_featured_image":true,"files":[],"is_from_gb":true},"rules":{"apply":true,"sent2tg":""},"finish":{"ok":false,"processed":[]},"after":{"result":"delayed 0.5"}}}

[2023-10-19 09:58:39]
{"tribe_events-569-publish":{"before":{"trigger":"wp_insert_post","request_type":"IS_GB_METABOX"},"form_data":{"send2tg":null,"override_switch":false},"sv":720,"finish":{"ok":false,"processed":[]},"after":{"result":"441:462:524"}}}

[2023-10-19 10:02:39]
{"revision-595-inherit":{"before":{"trigger":"wp_insert_post","request_type":"POST_REVISION"},"form_data":{"channels":["@dcwwiki"],"delay":0.5,"disable_notification":false,"override_switch":false,"send2tg":"yes","send_featured_image":true,"files":[],"is_from_gb":true},"sv":767,"finish":{"ok":false,"processed":[]},"after":{"result":"441:462:524"}}}

[2023-10-19 10:02:39]
{"tribe_events-569-publish":{"before":{"trigger":"wp_insert_post","request_type":"REST_REQUEST"},"form_data":{"channels":["@dcwwiki"],"delay":0.5,"disable_notification":false,"override_switch":false,"send2tg":"yes","send_featured_image":true,"files":[],"is_from_gb":true},"finish":{"ok":false,"processed":[]},"after":{"result":"441:451:524"}}}

[2023-10-19 10:02:39]
{"tribe_events-569-publish":{"before":{"trigger":"rest_after_insert","request_type":"REST_REQUEST"},"form_data":{"channels":["@dcwwiki"],"delay":0.5,"disable_notification":false,"override_switch":false,"send2tg":"yes","send_featured_image":true,"files":[],"is_from_gb":true},"rules":{"apply":true,"sent2tg":""},"finish":{"ok":false,"processed":[]},"after":{"result":"delayed 0.5"}}}

[2023-10-19 10:02:41]
{"tribe_events-569-publish":{"before":{"trigger":"wp_insert_post","request_type":"IS_GB_METABOX"},"form_data":{"send2tg":null,"override_switch":false},"sv":720,"finish":{"ok":false,"processed":[]},"after":{"result":"441:462:524"}}}

[2023-10-19 11:17:29]
{"revision-596-inherit":{"before":{"trigger":"wp_insert_post","request_type":"POST_REVISION"},"form_data":{"channels":["@dcwwiki"],"delay":0.5,"disable_notification":false,"override_switch":false,"send2tg":"yes","send_featured_image":true,"files":[],"is_from_gb":true},"sv":767,"finish":{"ok":false,"processed":[]},"after":{"result":"441:462:524"}}}

[2023-10-19 11:17:29]
{"tribe_events-569-publish":{"before":{"trigger":"wp_insert_post","request_type":"REST_REQUEST"},"form_data":{"channels":["@dcwwiki"],"delay":0.5,"disable_notification":false,"override_switch":false,"send2tg":"yes","send_featured_image":true,"files":[],"is_from_gb":true},"finish":{"ok":false,"processed":[]},"after":{"result":"441:451:524"}}}

[2023-10-19 11:17:29]
{"tribe_events-569-publish":{"before":{"trigger":"rest_after_insert","request_type":"REST_REQUEST"},"form_data":{"channels":["@dcwwiki"],"delay":0.5,"disable_notification":false,"override_switch":false,"send2tg":"yes","send_featured_image":true,"files":[],"is_from_gb":true},"rules":{"apply":true,"sent2tg":""},"finish":{"ok":false,"processed":[]},"after":{"result":"delayed 0.5"}}}

[2023-10-19 11:17:30]
{"tribe_events-569-publish":{"before":{"trigger":"wp_insert_post","request_type":"IS_GB_METABOX"},"form_data":{"send2tg":null,"override_switch":false},"sv":720,"finish":{"ok":false,"processed":[]},"after":{"result":"441:462:524"}}}

[2023-10-19 11:18:31]
{"tribe_events-569-publish":{"before":{"trigger":"delayed_post","request_type":"DOING_CRON"},"form_data":{"send2tg":null,"override_switch":false},"rules":{"apply":true,"sent2tg":""},"image_source":{"send_image":true,"has_image":true,"send_by_url":false,"source":"\/home\/u572932744\/domains\/dcwwiki.org\/public_html\/hour\/wp-content\/uploads\/2023\/10\/DCW-Conversation-Hour-October-2023.png"},"finish":{"ok":true,"processed":[569]},"after":{"result":{"@dcwwiki":[{"ok":true,"result":{"message_id":120,"sender_chat":{"id":-1001519093862,"title":"Deoband Community Wikimedia","username":"dcwwiki","type":"channel"},"chat":{"id":-1001519093862,"title":"Deoband Community Wikimedia","username":"dcwwiki","type":"channel"},"date":1697694510,"photo":[{"file_id":"AgACAgUAAx0EWouIZgADeGUwwy40r5mJ5dsijzscdwzdnqQsAAIttjEboeSJVVHMNd29vII1AQADAgADcwADMAQ","file_unique_id":"AQADLbYxG6HkiVV4","file_size":2101,"width":90,"height":90},{"file_id":"AgACAgUAAx0EWouIZgADeGUwwy40r5mJ5dsijzscdwzdnqQsAAIttjEboeSJVVHMNd29vII1AQADAgADbQADMAQ","file_unique_id":"AQADLbYxG6HkiVVy","file_size":27184,"width":320,"height":320},{"file_id":"AgACAgUAAx0EWouIZgADeGUwwy40r5mJ5dsijzscdwzdnqQsAAIttjEboeSJVVHMNd29vII1AQADAgADeAADMAQ","file_unique_id":"AQADLbYxG6HkiVV9","file_size":96138,"width":800,"height":800},{"file_id":"AgACAgUAAx0EWouIZgADeGUwwy40r5mJ5dsijzscdwzdnqQsAAIttjEboeSJVVHMNd29vII1AQADAgADeQADMAQ","file_unique_id":"AQADLbYxG6HkiVV-","file_size":134340,"width":1080,"height":1080}],"caption":"DCW Conversation Hour October 2023\n\nThe Tenth DCW Conversation Hour aims to explore the role of digital audio in today\u2019s world, and how it can serve as the printing press for the oral culture. The conversation features Marcel Heyne, an internet entrepreneur and co-founder of the Audiopedia Foundation. Marcel\u2019s vision and efforts with Audiopedia have been globally recognized.\n\nhttps:\/\/hour.dcwwiki.org\/event\/dcw-conversation-hour-october-2023\/","caption_entities":[{"offset":379,"length":66,"type":"url"}],"reply_markup":{"inline_keyboard":[[{"text":"\ud83d\udd17 View Post","url":"https:\/\/hour.dcwwiki.org\/event\/dcw-conversation-hour-october-2023\/"}]]}}}]}}}}

[2023-10-23 10:20:41]
{"revision-597-inherit":{"before":{"trigger":"wp_insert_post","request_type":"DOING_AUTOSAVE"},"form_data":{"send2tg":null,"override_switch":false},"sv":762,"finish":{"ok":false,"processed":[]},"after":{"result":"441:462:524"}}}

[2023-10-23 10:20:44]
{"revision-598-inherit":{"before":{"trigger":"wp_insert_post","request_type":"POST_REVISION"},"form_data":{"channels":["@dcwwiki"],"delay":0.5,"disable_notification":false,"override_switch":false,"send2tg":"no","send_featured_image":true,"files":[],"is_from_gb":true},"sv":715,"finish":{"ok":false,"processed":[]},"after":{"result":"441:462:524"}}}

[2023-10-23 10:20:44]
{"tribe_events-569-publish":{"before":{"trigger":"wp_insert_post","request_type":"REST_REQUEST"},"form_data":{"channels":["@dcwwiki"],"delay":0.5,"disable_notification":false,"override_switch":false,"send2tg":"no","send_featured_image":true,"files":[],"is_from_gb":true},"finish":{"ok":false,"processed":[]},"after":{"result":"441:451:495:524"}}}

[2023-10-23 10:20:44]
{"tribe_events-569-publish":{"before":{"trigger":"rest_after_insert","request_type":"REST_REQUEST"},"form_data":{"channels":["@dcwwiki"],"delay":0.5,"disable_notification":false,"override_switch":false,"send2tg":"no","send_featured_image":true,"files":[],"is_from_gb":true},"sv":715,"finish":{"ok":false,"processed":[]},"after":{"result":"441:462:495:524"}}}

[2023-10-23 10:20:45]
{"tribe_events-569-publish":{"before":{"trigger":"wp_insert_post","request_type":"IS_GB_METABOX"},"form_data":{"send2tg":null,"override_switch":false},"sv":720,"finish":{"ok":false,"processed":[]},"after":{"result":"441:462:524"}}}

[2023-10-23 19:27:16]
{"revision-599-inherit":{"before":{"trigger":"wp_insert_post","request_type":"DOING_AUTOSAVE"},"form_data":{"send2tg":null,"override_switch":false},"sv":762,"finish":{"ok":false,"processed":[]},"after":{"result":"441:462:524"}}}

[2023-10-23 19:27:27]
{"revision-600-inherit":{"before":{"trigger":"wp_insert_post","request_type":"POST_REVISION"},"form_data":{"channels":["@dcwwiki"],"delay":0.5,"disable_notification":false,"override_switch":false,"send2tg":"no","send_featured_image":true,"files":[],"is_from_gb":true},"sv":715,"finish":{"ok":false,"processed":[]},"after":{"result":"441:462:524"}}}

[2023-10-23 19:27:27]
{"tribe_events-523-publish":{"before":{"trigger":"wp_insert_post","request_type":"REST_REQUEST"},"form_data":{"channels":["@dcwwiki"],"delay":0.5,"disable_notification":false,"override_switch":false,"send2tg":"no","send_featured_image":true,"files":[],"is_from_gb":true},"finish":{"ok":false,"processed":[]},"after":{"result":"441:451:495:524"}}}

[2023-10-23 19:27:27]
{"tribe_events-523-publish":{"before":{"trigger":"rest_after_insert","request_type":"REST_REQUEST"},"form_data":{"channels":["@dcwwiki"],"delay":0.5,"disable_notification":false,"override_switch":false,"send2tg":"no","send_featured_image":true,"files":[],"is_from_gb":true},"sv":715,"finish":{"ok":false,"processed":[]},"after":{"result":"441:462:495:524"}}}

[2023-10-23 19:27:28]
{"tribe_events-523-publish":{"before":{"trigger":"wp_insert_post","request_type":"IS_GB_METABOX"},"form_data":{"send2tg":null,"override_switch":false},"sv":720,"finish":{"ok":false,"processed":[]},"after":{"result":"441:462:524"}}}

[2023-10-24 18:11:56]
{"customize_changeset-601-trash":{"before":{"trigger":"wp_insert_post","request_type":null},"form_data":{"send2tg":null,"override_switch":false},"sv":772,"finish":{"ok":false,"processed":[]},"after":{"result":"441:462:524"}}}

[2023-10-24 18:11:56]
{"customize_changeset-601-publish":{"before":{"trigger":"wp_insert_post","request_type":null},"form_data":{"send2tg":null,"override_switch":false},"rules":{"apply":false,"sent2tg":""},"finish":{"ok":false,"processed":[]},"after":{"result":"441:511"}}}

[2023-10-26 20:36:34]
{"customize_changeset-602-auto-draft":{"before":{"trigger":"wp_insert_post","request_type":"DOING_AUTOSAVE"},"form_data":{"send2tg":null,"override_switch":false},"sv":762,"finish":{"ok":false,"processed":[]},"after":{"result":"441:462:524"}}}

[2023-10-26 20:37:12]
{"customize_changeset-602-trash":{"before":{"trigger":"wp_insert_post","request_type":null},"form_data":{"send2tg":null,"override_switch":false},"sv":772,"finish":{"ok":false,"processed":[]},"after":{"result":"441:462:524"}}}

[2023-10-26 20:37:12]
{"customize_changeset-602-publish":{"before":{"trigger":"wp_insert_post","request_type":null},"form_data":{"send2tg":null,"override_switch":false},"rules":{"apply":false,"sent2tg":""},"finish":{"ok":false,"processed":[]},"after":{"result":"441:511"}}}

[2023-10-26 20:37:34]
{"customize_changeset-603-auto-draft":{"before":{"trigger":"wp_insert_post","request_type":"DOING_AUTOSAVE"},"form_data":{"send2tg":null,"override_switch":false},"sv":762,"finish":{"ok":false,"processed":[]},"after":{"result":"441:462:524"}}}

[2023-10-26 20:38:00]
{"customize_changeset-603-auto-draft":{"before":{"trigger":"wp_insert_post","request_type":"DOING_AUTOSAVE"},"form_data":{"send2tg":null,"override_switch":false},"sv":762,"finish":{"ok":false,"processed":[]},"after":{"result":"441:462:524"}}}

[2023-10-26 20:38:33]
{"customize_changeset-603-trash":{"before":{"trigger":"wp_insert_post","request_type":null},"form_data":{"send2tg":null,"override_switch":false},"sv":772,"finish":{"ok":false,"processed":[]},"after":{"result":"441:462:524"}}}

[2023-10-26 20:38:33]
{"customize_changeset-603-publish":{"before":{"trigger":"wp_insert_post","request_type":null},"form_data":{"send2tg":null,"override_switch":false},"rules":{"apply":false,"sent2tg":""},"finish":{"ok":false,"processed":[]},"after":{"result":"441:511"}}}

[2023-10-26 20:38:56]
{"post-604-auto-draft":{"before":{"trigger":"wp_insert_post","request_type":null},"form_data":{"send2tg":null,"override_switch":false},"sv":772,"finish":{"ok":false,"processed":[]},"after":{"result":"441:462:524"}}}

[2023-10-26 20:40:01]
{"post-604-draft":{"before":{"trigger":"wp_insert_post","request_type":"DOING_AUTOSAVE"},"form_data":{"send2tg":null,"override_switch":false},"finish":{"ok":false,"processed":[]},"after":{"result":"441:451:511"}}}

[2023-10-26 20:40:48]
{"tribe_events-605-auto-draft":{"before":{"trigger":"wp_insert_post","request_type":null},"form_data":{"send2tg":null,"override_switch":false},"sv":772,"finish":{"ok":false,"processed":[]},"after":{"result":"441:462:524"}}}

[2023-10-26 20:41:52]
{"tribe_events-605-draft":{"before":{"trigger":"wp_insert_post","request_type":"DOING_AUTOSAVE"},"form_data":{"send2tg":null,"override_switch":false},"finish":{"ok":false,"processed":[]},"after":{"result":"441:451:511"}}}

[2023-10-26 20:42:02]
{"revision-606-inherit":{"before":{"trigger":"wp_insert_post","request_type":"POST_REVISION"},"form_data":{"channels":["@dcwwiki"],"delay":0.5,"disable_notification":false,"override_switch":false,"send2tg":"no","send_featured_image":true,"files":[],"is_from_gb":true},"sv":715,"finish":{"ok":false,"processed":[]},"after":{"result":"441:462:524"}}}

[2023-10-26 20:42:02]
{"tribe_events-605-publish":{"before":{"trigger":"wp_insert_post","request_type":"REST_REQUEST"},"form_data":{"channels":["@dcwwiki"],"delay":0.5,"disable_notification":false,"override_switch":false,"send2tg":"no","send_featured_image":true,"files":[],"is_from_gb":true},"finish":{"ok":false,"processed":[]},"after":{"result":"441:451:495:524"}}}

[2023-10-26 20:42:02]
{"tribe_events-605-publish":{"before":{"trigger":"rest_after_insert","request_type":"REST_REQUEST"},"form_data":{"channels":["@dcwwiki"],"delay":0.5,"disable_notification":false,"override_switch":false,"send2tg":"no","send_featured_image":true,"files":[],"is_from_gb":true},"sv":715,"finish":{"ok":false,"processed":[]},"after":{"result":"441:462:495:524"}}}

[2023-10-26 20:42:03]
{"tribe_events-605-publish":{"before":{"trigger":"wp_insert_post","request_type":"IS_GB_METABOX"},"form_data":{"send2tg":null,"override_switch":false},"sv":720,"finish":{"ok":false,"processed":[]},"after":{"result":"441:462:524"}}}

[2023-10-31 13:04:24]
{"post-607-auto-draft":{"before":{"trigger":"wp_insert_post","request_type":null},"form_data":{"send2tg":null,"override_switch":false},"sv":772,"finish":{"ok":false,"processed":[]},"after":{"result":"441:462:524"}}}

[2023-10-31 13:07:12]
{"revision-608-inherit":{"before":{"trigger":"wp_insert_post","request_type":"DOING_AUTOSAVE"},"form_data":{"send2tg":null,"override_switch":false},"sv":762,"finish":{"ok":false,"processed":[]},"after":{"result":"441:462:524"}}}

[2023-10-31 13:08:13]
{"revision-608-inherit":{"before":{"trigger":"wp_insert_post","request_type":"DOING_AUTOSAVE"},"form_data":{"send2tg":null,"override_switch":false},"sv":762,"finish":{"ok":false,"processed":[]},"after":{"result":"441:462:524"}}}

[2023-10-31 13:09:13]
{"revision-608-inherit":{"before":{"trigger":"wp_insert_post","request_type":"DOING_AUTOSAVE"},"form_data":{"send2tg":null,"override_switch":false},"sv":762,"finish":{"ok":false,"processed":[]},"after":{"result":"441:462:524"}}}

[2023-10-31 13:10:12]
{"revision-608-inherit":{"before":{"trigger":"wp_insert_post","request_type":"DOING_AUTOSAVE"},"form_data":{"send2tg":null,"override_switch":false},"sv":762,"finish":{"ok":false,"processed":[]},"after":{"result":"441:462:524"}}}

[2023-10-31 13:11:02]
{"revision-609-inherit":{"before":{"trigger":"wp_insert_post","request_type":"POST_REVISION"},"form_data":{"channels":["@dcwwiki"],"delay":0.5,"disable_notification":false,"override_switch":false,"send2tg":"no","send_featured_image":true,"files":[],"is_from_gb":true},"sv":715,"finish":{"ok":false,"processed":[]},"after":{"result":"441:462:524"}}}

[2023-10-31 13:11:02]
{"page-329-publish":{"before":{"trigger":"wp_insert_post","request_type":"REST_REQUEST"},"form_data":{"channels":["@dcwwiki"],"delay":0.5,"disable_notification":false,"override_switch":false,"send2tg":"no","send_featured_image":true,"files":[],"is_from_gb":true},"finish":{"ok":false,"processed":[]},"after":{"result":"441:451:495:524"}}}

[2023-10-31 13:11:02]
{"page-329-publish":{"before":{"trigger":"rest_after_insert","request_type":"REST_REQUEST"},"form_data":{"channels":["@dcwwiki"],"delay":0.5,"disable_notification":false,"override_switch":false,"send2tg":"no","send_featured_image":true,"files":[],"is_from_gb":true},"sv":715,"finish":{"ok":false,"processed":[]},"after":{"result":"441:462:495:524"}}}

[2023-10-31 13:11:04]
{"page-329-publish":{"before":{"trigger":"wp_insert_post","request_type":"IS_GB_METABOX"},"form_data":{"send2tg":null,"override_switch":false},"sv":720,"finish":{"ok":false,"processed":[]},"after":{"result":"441:462:524"}}}

[2023-11-10 16:01:42]
{"post-610-auto-draft":{"before":{"trigger":"wp_insert_post","request_type":null},"form_data":{"send2tg":null,"override_switch":false},"sv":772,"finish":{"ok":false,"processed":[]},"after":{"result":"441:462:524"}}}

[2023-11-10 16:04:12]
{"customize_changeset-612-auto-draft":{"before":{"trigger":"wp_insert_post","request_type":"DOING_AUTOSAVE"},"form_data":{"send2tg":null,"override_switch":false},"sv":762,"finish":{"ok":false,"processed":[]},"after":{"result":"441:462:524"}}}

[2023-11-10 16:04:50]
{"customize_changeset-612-trash":{"before":{"trigger":"wp_insert_post","request_type":null},"form_data":{"send2tg":null,"override_switch":false},"sv":772,"finish":{"ok":false,"processed":[]},"after":{"result":"441:462:524"}}}

[2023-11-10 16:04:50]
{"customize_changeset-612-publish":{"before":{"trigger":"wp_insert_post","request_type":null},"form_data":{"send2tg":null,"override_switch":false},"rules":{"apply":false,"sent2tg":""},"finish":{"ok":false,"processed":[]},"after":{"result":"441:511"}}}

[2023-11-10 16:08:52]
{"revision-613-inherit":{"before":{"trigger":"wp_insert_post","request_type":"DOING_AUTOSAVE"},"form_data":{"send2tg":null,"override_switch":false},"sv":762,"finish":{"ok":false,"processed":[]},"after":{"result":"441:462:524"}}}

[2023-11-10 16:09:52]
{"revision-613-inherit":{"before":{"trigger":"wp_insert_post","request_type":"DOING_AUTOSAVE"},"form_data":{"send2tg":null,"override_switch":false},"sv":762,"finish":{"ok":false,"processed":[]},"after":{"result":"441:462:524"}}}

[2023-11-10 16:10:53]
{"revision-613-inherit":{"before":{"trigger":"wp_insert_post","request_type":"DOING_AUTOSAVE"},"form_data":{"send2tg":null,"override_switch":false},"sv":762,"finish":{"ok":false,"processed":[]},"after":{"result":"441:462:524"}}}

[2023-11-10 16:11:53]
{"revision-613-inherit":{"before":{"trigger":"wp_insert_post","request_type":"DOING_AUTOSAVE"},"form_data":{"send2tg":null,"override_switch":false},"sv":762,"finish":{"ok":false,"processed":[]},"after":{"result":"441:462:524"}}}

[2023-11-10 16:12:53]
{"revision-613-inherit":{"before":{"trigger":"wp_insert_post","request_type":"DOING_AUTOSAVE"},"form_data":{"send2tg":null,"override_switch":false},"sv":762,"finish":{"ok":false,"processed":[]},"after":{"result":"441:462:524"}}}

[2023-11-10 16:13:53]
{"revision-613-inherit":{"before":{"trigger":"wp_insert_post","request_type":"DOING_AUTOSAVE"},"form_data":{"send2tg":null,"override_switch":false},"sv":762,"finish":{"ok":false,"processed":[]},"after":{"result":"441:462:524"}}}

[2023-11-10 16:14:53]
{"revision-613-inherit":{"before":{"trigger":"wp_insert_post","request_type":"DOING_AUTOSAVE"},"form_data":{"send2tg":null,"override_switch":false},"sv":762,"finish":{"ok":false,"processed":[]},"after":{"result":"441:462:524"}}}

[2023-11-10 16:15:53]
{"revision-613-inherit":{"before":{"trigger":"wp_insert_post","request_type":"DOING_AUTOSAVE"},"form_data":{"send2tg":null,"override_switch":false},"sv":762,"finish":{"ok":false,"processed":[]},"after":{"result":"441:462:524"}}}

[2023-11-10 16:16:54]
{"revision-613-inherit":{"before":{"trigger":"wp_insert_post","request_type":"DOING_AUTOSAVE"},"form_data":{"send2tg":null,"override_switch":false},"sv":762,"finish":{"ok":false,"processed":[]},"after":{"result":"441:462:524"}}}

[2023-11-10 16:20:05]
{"revision-613-inherit":{"before":{"trigger":"wp_insert_post","request_type":"DOING_AUTOSAVE"},"form_data":{"send2tg":null,"override_switch":false},"sv":762,"finish":{"ok":false,"processed":[]},"after":{"result":"441:462:524"}}}

[2023-11-10 16:20:23]
{"revision-614-inherit":{"before":{"trigger":"wp_insert_post","request_type":"POST_REVISION"},"form_data":{"channels":["@dcwwiki"],"delay":0.5,"disable_notification":false,"override_switch":false,"send2tg":"yes","send_featured_image":true,"files":[],"is_from_gb":true},"sv":767,"finish":{"ok":false,"processed":[]},"after":{"result":"441:462:524"}}}

[2023-11-10 16:20:23]
{"tribe_events-605-publish":{"before":{"trigger":"wp_insert_post","request_type":"REST_REQUEST"},"form_data":{"channels":["@dcwwiki"],"delay":0.5,"disable_notification":false,"override_switch":false,"send2tg":"yes","send_featured_image":true,"files":[],"is_from_gb":true},"finish":{"ok":false,"processed":[]},"after":{"result":"441:451:524"}}}

[2023-11-10 16:20:23]
{"tribe_events-605-publish":{"before":{"trigger":"rest_after_insert","request_type":"REST_REQUEST"},"form_data":{"channels":["@dcwwiki"],"delay":0.5,"disable_notification":false,"override_switch":false,"send2tg":"yes","send_featured_image":true,"files":[],"is_from_gb":true},"rules":{"apply":true,"sent2tg":""},"finish":{"ok":false,"processed":[]},"after":{"result":"delayed 0.5"}}}

[2023-11-10 16:20:25]
{"tribe_events-605-publish":{"before":{"trigger":"wp_insert_post","request_type":"IS_GB_METABOX"},"form_data":{"send2tg":null,"override_switch":false},"sv":720,"finish":{"ok":false,"processed":[]},"after":{"result":"441:462:524"}}}

[2023-11-10 16:21:34]
{"tribe_events-605-publish":{"before":{"trigger":"delayed_post","request_type":"DOING_CRON"},"form_data":{"send2tg":null,"override_switch":false},"rules":{"apply":true,"sent2tg":""},"image_source":{"send_image":true,"has_image":true,"send_by_url":false,"source":"\/home\/u572932744\/domains\/dcwwiki.org\/public_html\/hour\/wp-content\/uploads\/2023\/11\/DCW.png"},"finish":{"ok":true,"processed":[605]},"after":{"result":{"@dcwwiki":[{"ok":true,"result":{"message_id":126,"sender_chat":{"id":-1001519093862,"title":"Deoband Community Wikimedia","username":"dcwwiki","type":"channel"},"chat":{"id":-1001519093862,"title":"Deoband Community Wikimedia","username":"dcwwiki","type":"channel"},"date":1699613493,"photo":[{"file_id":"AgACAgUAAx0EWouIZgADfmVOCzW06kzwlGWcbErX3CG0AAFzKAACOrkxG_ijcVaj6adOUYBBzAEAAwIAA3MAAzME","file_unique_id":"AQADOrkxG_ijcVZ4","file_size":2138,"width":90,"height":90},{"file_id":"AgACAgUAAx0EWouIZgADfmVOCzW06kzwlGWcbErX3CG0AAFzKAACOrkxG_ijcVaj6adOUYBBzAEAAwIAA20AAzME","file_unique_id":"AQADOrkxG_ijcVZy","file_size":27694,"width":320,"height":320},{"file_id":"AgACAgUAAx0EWouIZgADfmVOCzW06kzwlGWcbErX3CG0AAFzKAACOrkxG_ijcVaj6adOUYBBzAEAAwIAA3gAAzME","file_unique_id":"AQADOrkxG_ijcVZ9","file_size":98597,"width":800,"height":800},{"file_id":"AgACAgUAAx0EWouIZgADfmVOCzW06kzwlGWcbErX3CG0AAFzKAACOrkxG_ijcVaj6adOUYBBzAEAAwIAA3kAAzME","file_unique_id":"AQADOrkxG_ijcVZ-","file_size":142557,"width":1080,"height":1080}],"caption":"DCW Conversation Hour November 2023\n\nIn the Eleventh DCW Conversation Hour, we look forward to exploring different tools that are available to event organizers in the global Wikimedia movement. This conversation features Ilana Fried, a Senior Product Manager at the Wikimedia Foundation, where she works on the Campaigns Product team. Ilana\u2019s team builds and improves software tools for campaign organizers. She has also served in the Community Tech Team as a product manager. She would enlighten us about several tools that make tedious works easy, most notably those on which her team is working.\n\nhttps:\/\/hour.dcwwiki.org\/event\/dcw-conversation-hour-november-2023\/","caption_entities":[{"offset":600,"length":67,"type":"url"}],"reply_markup":{"inline_keyboard":[[{"text":"\ud83d\udd17 View Post","url":"https:\/\/hour.dcwwiki.org\/event\/dcw-conversation-hour-november-2023\/"}]]}}}]}}}}

[2023-11-11 20:24:34]
{"oembed_cache-615-publish":{"before":{"trigger":"wp_insert_post","request_type":"REST_REQUEST"},"form_data":{"send2tg":null,"override_switch":false},"rules":{"apply":false,"sent2tg":""},"finish":{"ok":false,"processed":[]},"after":{"result":"441:511"}}}

[2023-11-16 20:25:27]
{"customize_changeset-616-trash":{"before":{"trigger":"wp_insert_post","request_type":null},"form_data":{"send2tg":null,"override_switch":false},"sv":772,"finish":{"ok":false,"processed":[]},"after":{"result":"441:462:524"}}}

[2023-11-16 20:25:27]
{"customize_changeset-616-publish":{"before":{"trigger":"wp_insert_post","request_type":null},"form_data":{"send2tg":null,"override_switch":false},"rules":{"apply":false,"sent2tg":""},"finish":{"ok":false,"processed":[]},"after":{"result":"441:511"}}}

[2023-11-18 15:21:58]
{"post-617-auto-draft":{"before":{"trigger":"wp_insert_post","request_type":null},"form_data":{"send2tg":null,"override_switch":false},"sv":772,"finish":{"ok":false,"processed":[]},"after":{"result":"441:462:524"}}}

[2023-11-18 15:22:47]
{"customize_changeset-618-trash":{"before":{"trigger":"wp_insert_post","request_type":null},"form_data":{"send2tg":null,"override_switch":false},"sv":772,"finish":{"ok":false,"processed":[]},"after":{"result":"441:462:524"}}}

[2023-11-18 15:22:47]
{"customize_changeset-618-publish":{"before":{"trigger":"wp_insert_post","request_type":null},"form_data":{"send2tg":null,"override_switch":false},"rules":{"apply":false,"sent2tg":""},"finish":{"ok":false,"processed":[]},"after":{"result":"441:511"}}}

[2023-11-18 15:24:02]
{"customize_changeset-619-auto-draft":{"before":{"trigger":"wp_insert_post","request_type":"DOING_AUTOSAVE"},"form_data":{"send2tg":null,"override_switch":false},"sv":762,"finish":{"ok":false,"processed":[]},"after":{"result":"441:462:524"}}}

[2023-11-18 15:24:20]
{"customize_changeset-619-auto-draft":{"before":{"trigger":"wp_insert_post","request_type":"DOING_AUTOSAVE"},"form_data":{"send2tg":null,"override_switch":false},"sv":762,"finish":{"ok":false,"processed":[]},"after":{"result":"441:462:524"}}}

[2023-11-18 15:24:43]
{"customize_changeset-619-trash":{"before":{"trigger":"wp_insert_post","request_type":null},"form_data":{"send2tg":null,"override_switch":false},"sv":772,"finish":{"ok":false,"processed":[]},"after":{"result":"441:462:524"}}}

[2023-11-18 15:24:43]
{"customize_changeset-619-publish":{"before":{"trigger":"wp_insert_post","request_type":null},"form_data":{"send2tg":null,"override_switch":false},"rules":{"apply":false,"sent2tg":""},"finish":{"ok":false,"processed":[]},"after":{"result":"441:511"}}}

[2023-11-18 15:25:26]
{"tribe_events-620-auto-draft":{"before":{"trigger":"wp_insert_post","request_type":null},"form_data":{"send2tg":null,"override_switch":false},"sv":772,"finish":{"ok":false,"processed":[]},"after":{"result":"441:462:524"}}}

[2023-11-18 15:26:29]
{"tribe_events-620-draft":{"before":{"trigger":"wp_insert_post","request_type":"DOING_AUTOSAVE"},"form_data":{"send2tg":null,"override_switch":false},"finish":{"ok":false,"processed":[]},"after":{"result":"441:451:511"}}}

[2023-11-18 15:27:14]
{"revision-621-inherit":{"before":{"trigger":"wp_insert_post","request_type":"POST_REVISION"},"form_data":{"channels":["@dcwwiki"],"delay":0.5,"disable_notification":false,"override_switch":false,"send2tg":"no","send_featured_image":true,"files":[],"is_from_gb":true},"sv":715,"finish":{"ok":false,"processed":[]},"after":{"result":"441:462:524"}}}

[2023-11-18 15:27:14]
{"tribe_events-620-publish":{"before":{"trigger":"wp_insert_post","request_type":"REST_REQUEST"},"form_data":{"channels":["@dcwwiki"],"delay":0.5,"disable_notification":false,"override_switch":false,"send2tg":"no","send_featured_image":true,"files":[],"is_from_gb":true},"finish":{"ok":false,"processed":[]},"after":{"result":"441:451:495:524"}}}

[2023-11-18 15:27:14]
{"tribe_events-620-publish":{"before":{"trigger":"rest_after_insert","request_type":"REST_REQUEST"},"form_data":{"channels":["@dcwwiki"],"delay":0.5,"disable_notification":false,"override_switch":false,"send2tg":"no","send_featured_image":true,"files":[],"is_from_gb":true},"sv":715,"finish":{"ok":false,"processed":[]},"after":{"result":"441:462:495:524"}}}

[2023-11-18 15:27:15]
{"tribe_events-620-publish":{"before":{"trigger":"wp_insert_post","request_type":"IS_GB_METABOX"},"form_data":{"send2tg":null,"override_switch":false},"sv":720,"finish":{"ok":false,"processed":[]},"after":{"result":"441:462:524"}}}

[2023-11-22 16:34:59]
{"oembed_cache-622-publish":{"before":{"trigger":"wp_insert_post","request_type":"REST_REQUEST"},"form_data":{"send2tg":null,"override_switch":false},"rules":{"apply":false,"sent2tg":""},"finish":{"ok":false,"processed":[]},"after":{"result":"441:511"}}}

[2023-12-08 12:02:06]
{"oembed_cache-623-publish":{"before":{"trigger":"wp_insert_post","request_type":"REST_REQUEST"},"form_data":{"send2tg":null,"override_switch":false},"rules":{"apply":false,"sent2tg":""},"finish":{"ok":false,"processed":[]},"after":{"result":"441:511"}}}

[2023-12-09 13:13:49]
{"post-624-auto-draft":{"before":{"trigger":"wp_insert_post","request_type":null},"form_data":{"send2tg":null,"override_switch":false},"sv":772,"finish":{"ok":false,"processed":[]},"after":{"result":"441:462:524"}}}

[2023-12-09 13:14:54]
{"customize_changeset-625-trash":{"before":{"trigger":"wp_insert_post","request_type":null},"form_data":{"send2tg":null,"override_switch":false},"sv":772,"finish":{"ok":false,"processed":[]},"after":{"result":"441:462:524"}}}

[2023-12-09 13:14:54]
{"customize_changeset-625-publish":{"before":{"trigger":"wp_insert_post","request_type":null},"form_data":{"send2tg":null,"override_switch":false},"rules":{"apply":false,"sent2tg":""},"finish":{"ok":false,"processed":[]},"after":{"result":"441:511"}}}

[2023-12-09 13:15:04]
{"customize_changeset-626-trash":{"before":{"trigger":"wp_insert_post","request_type":null},"form_data":{"send2tg":null,"override_switch":false},"sv":772,"finish":{"ok":false,"processed":[]},"after":{"result":"441:462:524"}}}

[2023-12-09 13:15:04]
{"customize_changeset-626-publish":{"before":{"trigger":"wp_insert_post","request_type":null},"form_data":{"send2tg":null,"override_switch":false},"rules":{"apply":false,"sent2tg":""},"finish":{"ok":false,"processed":[]},"after":{"result":"441:511"}}}

[2023-12-10 21:10:35]
{"revision-627-inherit":{"before":{"trigger":"wp_insert_post","request_type":"POST_REVISION"},"form_data":{"channels":["@dcwwiki"],"delay":0.5,"disable_notification":false,"override_switch":false,"send2tg":"no","send_featured_image":true,"files":[],"is_from_gb":true},"sv":715,"finish":{"ok":false,"processed":[]},"after":{"result":"441:462:524"}}}

[2023-12-10 21:10:35]
{"page-329-publish":{"before":{"trigger":"wp_insert_post","request_type":"REST_REQUEST"},"form_data":{"channels":["@dcwwiki"],"delay":0.5,"disable_notification":false,"override_switch":false,"send2tg":"no","send_featured_image":true,"files":[],"is_from_gb":true},"finish":{"ok":false,"processed":[]},"after":{"result":"441:451:495:524"}}}

[2023-12-10 21:10:35]
{"page-329-publish":{"before":{"trigger":"rest_after_insert","request_type":"REST_REQUEST"},"form_data":{"channels":["@dcwwiki"],"delay":0.5,"disable_notification":false,"override_switch":false,"send2tg":"no","send_featured_image":true,"files":[],"is_from_gb":true},"sv":715,"finish":{"ok":false,"processed":[]},"after":{"result":"441:462:495:524"}}}

[2023-12-10 21:10:37]
{"page-329-publish":{"before":{"trigger":"wp_insert_post","request_type":"IS_GB_METABOX"},"form_data":{"send2tg":null,"override_switch":false},"sv":720,"finish":{"ok":false,"processed":[]},"after":{"result":"441:462:524"}}}

[2023-12-10 23:03:04]
{"revision-628-inherit":{"before":{"trigger":"wp_insert_post","request_type":"DOING_AUTOSAVE"},"form_data":{"send2tg":null,"override_switch":false},"sv":762,"finish":{"ok":false,"processed":[]},"after":{"result":"441:462:524"}}}

[2023-12-10 23:03:12]
{"revision-629-inherit":{"before":{"trigger":"wp_insert_post","request_type":"DOING_AUTOSAVE"},"form_data":{"send2tg":null,"override_switch":false},"sv":762,"finish":{"ok":false,"processed":[]},"after":{"result":"441:462:524"}}}

[2023-12-10 23:03:15]
{"revision-630-inherit":{"before":{"trigger":"wp_insert_post","request_type":"POST_REVISION"},"form_data":{"channels":["@dcwwiki"],"delay":0.5,"disable_notification":false,"override_switch":false,"send2tg":"no","send_featured_image":true,"files":[],"is_from_gb":true},"sv":715,"finish":{"ok":false,"processed":[]},"after":{"result":"441:462:524"}}}

[2023-12-10 23:03:15]
{"tribe_events-620-publish":{"before":{"trigger":"wp_insert_post","request_type":"REST_REQUEST"},"form_data":{"channels":["@dcwwiki"],"delay":0.5,"disable_notification":false,"override_switch":false,"send2tg":"no","send_featured_image":true,"files":[],"is_from_gb":true},"finish":{"ok":false,"processed":[]},"after":{"result":"441:451:495:524"}}}

[2023-12-10 23:03:15]
{"tribe_events-620-publish":{"before":{"trigger":"rest_after_insert","request_type":"REST_REQUEST"},"form_data":{"channels":["@dcwwiki"],"delay":0.5,"disable_notification":false,"override_switch":false,"send2tg":"no","send_featured_image":true,"files":[],"is_from_gb":true},"sv":715,"finish":{"ok":false,"processed":[]},"after":{"result":"441:462:495:524"}}}

[2023-12-10 23:03:16]
{"tribe_events-620-publish":{"before":{"trigger":"wp_insert_post","request_type":"IS_GB_METABOX"},"form_data":{"send2tg":null,"override_switch":false},"sv":720,"finish":{"ok":false,"processed":[]},"after":{"result":"441:462:524"}}}

[2023-12-10 23:03:40]
{"tribe_events-620-publish":{"before":{"trigger":"wp_insert_post","request_type":"REST_REQUEST"},"form_data":{"channels":["@dcwwiki"],"delay":0.5,"disable_notification":false,"override_switch":false,"send2tg":"no","send_featured_image":true,"files":[],"is_from_gb":true},"finish":{"ok":false,"processed":[]},"after":{"result":"441:451:495:524"}}}

[2023-12-10 23:03:40]
{"tribe_events-620-publish":{"before":{"trigger":"rest_after_insert","request_type":"REST_REQUEST"},"form_data":{"channels":["@dcwwiki"],"delay":0.5,"disable_notification":false,"override_switch":false,"send2tg":"no","send_featured_image":true,"files":[],"is_from_gb":true},"sv":715,"finish":{"ok":false,"processed":[]},"after":{"result":"441:462:495:524"}}}

[2023-12-10 23:03:42]
{"tribe_events-620-publish":{"before":{"trigger":"wp_insert_post","request_type":"IS_GB_METABOX"},"form_data":{"send2tg":null,"override_switch":false},"sv":720,"finish":{"ok":false,"processed":[]},"after":{"result":"441:462:524"}}}

[2023-12-10 23:04:26]
{"revision-631-inherit":{"before":{"trigger":"wp_insert_post","request_type":"DOING_AUTOSAVE"},"form_data":{"send2tg":null,"override_switch":false},"sv":762,"finish":{"ok":false,"processed":[]},"after":{"result":"441:462:524"}}}

[2023-12-10 23:05:26]
{"revision-631-inherit":{"before":{"trigger":"wp_insert_post","request_type":"DOING_AUTOSAVE"},"form_data":{"send2tg":null,"override_switch":false},"sv":762,"finish":{"ok":false,"processed":[]},"after":{"result":"441:462:524"}}}

[2023-12-10 23:06:26]
{"revision-631-inherit":{"before":{"trigger":"wp_insert_post","request_type":"DOING_AUTOSAVE"},"form_data":{"send2tg":null,"override_switch":false},"sv":762,"finish":{"ok":false,"processed":[]},"after":{"result":"441:462:524"}}}

[2023-12-10 23:07:26]
{"revision-631-inherit":{"before":{"trigger":"wp_insert_post","request_type":"DOING_AUTOSAVE"},"form_data":{"send2tg":null,"override_switch":false},"sv":762,"finish":{"ok":false,"processed":[]},"after":{"result":"441:462:524"}}}

[2023-12-10 23:08:28]
{"revision-631-inherit":{"before":{"trigger":"wp_insert_post","request_type":"DOING_AUTOSAVE"},"form_data":{"send2tg":null,"override_switch":false},"sv":762,"finish":{"ok":false,"processed":[]},"after":{"result":"441:462:524"}}}

[2023-12-10 23:09:28]
{"revision-631-inherit":{"before":{"trigger":"wp_insert_post","request_type":"DOING_AUTOSAVE"},"form_data":{"send2tg":null,"override_switch":false},"sv":762,"finish":{"ok":false,"processed":[]},"after":{"result":"441:462:524"}}}

[2023-12-10 23:10:29]
{"revision-631-inherit":{"before":{"trigger":"wp_insert_post","request_type":"DOING_AUTOSAVE"},"form_data":{"send2tg":null,"override_switch":false},"sv":762,"finish":{"ok":false,"processed":[]},"after":{"result":"441:462:524"}}}

[2023-12-10 23:11:28]
{"revision-631-inherit":{"before":{"trigger":"wp_insert_post","request_type":"DOING_AUTOSAVE"},"form_data":{"send2tg":null,"override_switch":false},"sv":762,"finish":{"ok":false,"processed":[]},"after":{"result":"441:462:524"}}}

[2023-12-10 23:12:28]
{"revision-631-inherit":{"before":{"trigger":"wp_insert_post","request_type":"DOING_AUTOSAVE"},"form_data":{"send2tg":null,"override_switch":false},"sv":762,"finish":{"ok":false,"processed":[]},"after":{"result":"441:462:524"}}}

[2023-12-10 23:13:29]
{"revision-631-inherit":{"before":{"trigger":"wp_insert_post","request_type":"DOING_AUTOSAVE"},"form_data":{"send2tg":null,"override_switch":false},"sv":762,"finish":{"ok":false,"processed":[]},"after":{"result":"441:462:524"}}}

[2023-12-10 23:14:01]
{"revision-632-inherit":{"before":{"trigger":"wp_insert_post","request_type":"POST_REVISION"},"form_data":{"channels":["@dcwwiki"],"delay":0.5,"disable_notification":false,"override_switch":false,"send2tg":"no","send_featured_image":true,"files":[],"is_from_gb":true},"sv":715,"finish":{"ok":false,"processed":[]},"after":{"result":"441:462:524"}}}

[2023-12-10 23:14:01]
{"tribe_events-620-publish":{"before":{"trigger":"wp_insert_post","request_type":"REST_REQUEST"},"form_data":{"channels":["@dcwwiki"],"delay":0.5,"disable_notification":false,"override_switch":false,"send2tg":"no","send_featured_image":true,"files":[],"is_from_gb":true},"finish":{"ok":false,"processed":[]},"after":{"result":"441:451:495:524"}}}

[2023-12-10 23:14:01]
{"tribe_events-620-publish":{"before":{"trigger":"rest_after_insert","request_type":"REST_REQUEST"},"form_data":{"channels":["@dcwwiki"],"delay":0.5,"disable_notification":false,"override_switch":false,"send2tg":"no","send_featured_image":true,"files":[],"is_from_gb":true},"sv":715,"finish":{"ok":false,"processed":[]},"after":{"result":"441:462:495:524"}}}

[2023-12-10 23:14:02]
{"tribe_events-620-publish":{"before":{"trigger":"wp_insert_post","request_type":"IS_GB_METABOX"},"form_data":{"send2tg":null,"override_switch":false},"sv":720,"finish":{"ok":false,"processed":[]},"after":{"result":"441:462:524"}}}

[2023-12-10 23:15:20]
{"revision-633-inherit":{"before":{"trigger":"wp_insert_post","request_type":"DOING_AUTOSAVE"},"form_data":{"send2tg":null,"override_switch":false},"sv":762,"finish":{"ok":false,"processed":[]},"after":{"result":"441:462:524"}}}

[2023-12-10 23:17:21]
{"revision-633-inherit":{"before":{"trigger":"wp_insert_post","request_type":"DOING_AUTOSAVE"},"form_data":{"send2tg":null,"override_switch":false},"sv":762,"finish":{"ok":false,"processed":[]},"after":{"result":"441:462:524"}}}

[2023-12-10 23:17:55]
{"revision-634-inherit":{"before":{"trigger":"wp_insert_post","request_type":"POST_REVISION"},"form_data":{"channels":["@dcwwiki"],"delay":0.5,"disable_notification":false,"override_switch":false,"send2tg":"no","send_featured_image":true,"files":[],"is_from_gb":true},"sv":715,"finish":{"ok":false,"processed":[]},"after":{"result":"441:462:524"}}}

[2023-12-10 23:17:55]
{"tribe_events-620-publish":{"before":{"trigger":"wp_insert_post","request_type":"REST_REQUEST"},"form_data":{"channels":["@dcwwiki"],"delay":0.5,"disable_notification":false,"override_switch":false,"send2tg":"no","send_featured_image":true,"files":[],"is_from_gb":true},"finish":{"ok":false,"processed":[]},"after":{"result":"441:451:495:524"}}}

[2023-12-10 23:17:55]
{"tribe_events-620-publish":{"before":{"trigger":"rest_after_insert","request_type":"REST_REQUEST"},"form_data":{"channels":["@dcwwiki"],"delay":0.5,"disable_notification":false,"override_switch":false,"send2tg":"no","send_featured_image":true,"files":[],"is_from_gb":true},"sv":715,"finish":{"ok":false,"processed":[]},"after":{"result":"441:462:495:524"}}}

[2023-12-10 23:17:56]
{"tribe_events-620-publish":{"before":{"trigger":"wp_insert_post","request_type":"IS_GB_METABOX"},"form_data":{"send2tg":null,"override_switch":false},"sv":720,"finish":{"ok":false,"processed":[]},"after":{"result":"441:462:524"}}}

[2023-12-12 23:14:09]
{"revision-636-inherit":{"before":{"trigger":"wp_insert_post","request_type":"DOING_AUTOSAVE"},"form_data":{"send2tg":null,"override_switch":false},"sv":762,"finish":{"ok":false,"processed":[]},"after":{"result":"441:462:524"}}}

[2023-12-12 23:16:59]
{"revision-637-inherit":{"before":{"trigger":"wp_insert_post","request_type":"POST_REVISION"},"form_data":{"channels":["@dcwwiki"],"delay":0.5,"disable_notification":false,"override_switch":false,"send2tg":"yes","send_featured_image":true,"files":[],"is_from_gb":true},"sv":767,"finish":{"ok":false,"processed":[]},"after":{"result":"441:462:524"}}}

[2023-12-12 23:16:59]
{"tribe_events-620-publish":{"before":{"trigger":"wp_insert_post","request_type":"REST_REQUEST"},"form_data":{"channels":["@dcwwiki"],"delay":0.5,"disable_notification":false,"override_switch":false,"send2tg":"yes","send_featured_image":true,"files":[],"is_from_gb":true},"finish":{"ok":false,"processed":[]},"after":{"result":"441:451:524"}}}

[2023-12-12 23:16:59]
{"tribe_events-620-publish":{"before":{"trigger":"rest_after_insert","request_type":"REST_REQUEST"},"form_data":{"channels":["@dcwwiki"],"delay":0.5,"disable_notification":false,"override_switch":false,"send2tg":"yes","send_featured_image":true,"files":[],"is_from_gb":true},"rules":{"apply":true,"sent2tg":""},"finish":{"ok":false,"processed":[]},"after":{"result":"delayed 0.5"}}}

[2023-12-12 23:17:00]
{"tribe_events-620-publish":{"before":{"trigger":"wp_insert_post","request_type":"IS_GB_METABOX"},"form_data":{"send2tg":null,"override_switch":false},"sv":720,"finish":{"ok":false,"processed":[]},"after":{"result":"441:462:524"}}}

[2023-12-12 23:17:38]
{"tribe_events-620-publish":{"before":{"trigger":"delayed_post","request_type":"DOING_CRON"},"form_data":{"send2tg":null,"override_switch":false},"rules":{"apply":true,"sent2tg":""},"image_source":{"send_image":true,"has_image":true,"send_by_url":false,"source":"\/home\/u572932744\/domains\/dcwwiki.org\/public_html\/hour\/wp-content\/uploads\/2023\/12\/DCW-Conversation-Hour-December-2023.png"},"finish":{"ok":true,"processed":[620]},"after":{"result":{"@dcwwiki":[{"ok":true,"result":{"message_id":132,"sender_chat":{"id":-1001519093862,"title":"Deoband Community Wikimedia","username":"dcwwiki","type":"channel"},"chat":{"id":-1001519093862,"title":"Deoband Community Wikimedia","username":"dcwwiki","type":"channel"},"date":1702403257,"photo":[{"file_id":"AgACAgUAAx0EWouIZgADhGV4nLk4Uxk-Vl27ddbuBA3eFv8jAAI8uTEbh5LJV26DG_IZDc6pAQADAgADcwADMwQ","file_unique_id":"AQADPLkxG4eSyVd4","file_size":1895,"width":90,"height":90},{"file_id":"AgACAgUAAx0EWouIZgADhGV4nLk4Uxk-Vl27ddbuBA3eFv8jAAI8uTEbh5LJV26DG_IZDc6pAQADAgADbQADMwQ","file_unique_id":"AQADPLkxG4eSyVdy","file_size":30276,"width":320,"height":320},{"file_id":"AgACAgUAAx0EWouIZgADhGV4nLk4Uxk-Vl27ddbuBA3eFv8jAAI8uTEbh5LJV26DG_IZDc6pAQADAgADeAADMwQ","file_unique_id":"AQADPLkxG4eSyVd9","file_size":151669,"width":800,"height":800},{"file_id":"AgACAgUAAx0EWouIZgADhGV4nLk4Uxk-Vl27ddbuBA3eFv8jAAI8uTEbh5LJV26DG_IZDc6pAQADAgADeQADMwQ","file_unique_id":"AQADPLkxG4eSyVd-","file_size":257601,"width":1080,"height":1080}],"caption":"DCW Conversation Hour December 2023\n\nAffiliate and community relations in the Wikimedia ecosystem are complex, and the Twelfth DCW Conversation Hour aims to address these complexities. The conversation hour features Tanveer Hasan, an important figure in the global Wikimedia movement, who currently serves as the Executive Director at the Centre for Internet and Society (CIS), a major movement partner in the entire South Asian region. We look forward to learn from his vast experiences and knowledge in order to navigate the complexities around the question: how do affiliates and communities in the Wikimedia world develop and prosper together?\n\nhttps:\/\/hour.dcwwiki.org\/event\/dcw-conversation-hour-december-2023\/","caption_entities":[{"offset":649,"length":67,"type":"url"}],"reply_markup":{"inline_keyboard":[[{"text":"\ud83d\udd17 View Post","url":"https:\/\/hour.dcwwiki.org\/event\/dcw-conversation-hour-december-2023\/"}]]}}}]}}}}

[2023-12-15 12:37:54]
{"revision-638-inherit":{"before":{"trigger":"wp_insert_post","request_type":"DOING_AUTOSAVE"},"form_data":{"send2tg":null,"override_switch":false},"sv":762,"finish":{"ok":false,"processed":[]},"after":{"result":"441:462:524"}}}

[2023-12-15 12:37:58]
{"revision-639-inherit":{"before":{"trigger":"wp_insert_post","request_type":"POST_REVISION"},"form_data":{"channels":["@dcwwiki"],"delay":0.5,"disable_notification":false,"override_switch":false,"send2tg":"no","send_featured_image":true,"files":[],"is_from_gb":true},"sv":715,"finish":{"ok":false,"processed":[]},"after":{"result":"441:462:524"}}}

[2023-12-15 12:37:58]
{"tribe_events-620-publish":{"before":{"trigger":"wp_insert_post","request_type":"REST_REQUEST"},"form_data":{"channels":["@dcwwiki"],"delay":0.5,"disable_notification":false,"override_switch":false,"send2tg":"no","send_featured_image":true,"files":[],"is_from_gb":true},"finish":{"ok":false,"processed":[]},"after":{"result":"441:451:495:524"}}}

[2023-12-15 12:37:58]
{"tribe_events-620-publish":{"before":{"trigger":"rest_after_insert","request_type":"REST_REQUEST"},"form_data":{"channels":["@dcwwiki"],"delay":0.5,"disable_notification":false,"override_switch":false,"send2tg":"no","send_featured_image":true,"files":[],"is_from_gb":true},"sv":715,"finish":{"ok":false,"processed":[]},"after":{"result":"441:462:495:524"}}}

[2023-12-15 12:38:00]
{"tribe_events-620-publish":{"before":{"trigger":"wp_insert_post","request_type":"IS_GB_METABOX"},"form_data":{"send2tg":null,"override_switch":false},"sv":720,"finish":{"ok":false,"processed":[]},"after":{"result":"441:462:524"}}}

[2023-12-15 18:23:40]
{"customize_changeset-640-trash":{"before":{"trigger":"wp_insert_post","request_type":null},"form_data":{"send2tg":null,"override_switch":false},"sv":772,"finish":{"ok":false,"processed":[]},"after":{"result":"441:462:524"}}}

[2023-12-15 18:23:40]
{"customize_changeset-640-publish":{"before":{"trigger":"wp_insert_post","request_type":null},"form_data":{"send2tg":null,"override_switch":false},"rules":{"apply":false,"sent2tg":""},"finish":{"ok":false,"processed":[]},"after":{"result":"441:511"}}}

[2023-12-15 20:55:13]
{"tmm-144-publish":{"before":{"trigger":"wp_insert_post","request_type":"FROM_WEB"},"form_data":{"send2tg":null,"override_switch":false},"sv":751,"finish":{"ok":false,"processed":[]},"after":{"result":"441:462:524"}}}

[2023-12-15 20:56:44]
{"customize_changeset-641-auto-draft":{"before":{"trigger":"wp_insert_post","request_type":"DOING_AUTOSAVE"},"form_data":{"send2tg":null,"override_switch":false},"sv":762,"finish":{"ok":false,"processed":[]},"after":{"result":"441:462:524"}}}

[2023-12-15 20:57:44]
{"customize_changeset-641-auto-draft":{"before":{"trigger":"wp_insert_post","request_type":"DOING_AUTOSAVE"},"form_data":{"send2tg":null,"override_switch":false},"sv":762,"finish":{"ok":false,"processed":[]},"after":{"result":"441:462:524"}}}

[2023-12-15 20:58:47]
{"customize_changeset-641-auto-draft":{"before":{"trigger":"wp_insert_post","request_type":"DOING_AUTOSAVE"},"form_data":{"send2tg":null,"override_switch":false},"sv":762,"finish":{"ok":false,"processed":[]},"after":{"result":"441:462:524"}}}

[2023-12-15 20:58:53]
{"customize_changeset-641-trash":{"before":{"trigger":"wp_insert_post","request_type":null},"form_data":{"send2tg":null,"override_switch":false},"sv":772,"finish":{"ok":false,"processed":[]},"after":{"result":"441:462:524"}}}

[2023-12-15 20:58:53]
{"customize_changeset-641-publish":{"before":{"trigger":"wp_insert_post","request_type":null},"form_data":{"send2tg":null,"override_switch":false},"rules":{"apply":false,"sent2tg":""},"finish":{"ok":false,"processed":[]},"after":{"result":"441:511"}}}

[2023-12-15 21:00:24]
{"customize_changeset-642-auto-draft":{"before":{"trigger":"wp_insert_post","request_type":"DOING_AUTOSAVE"},"form_data":{"send2tg":null,"override_switch":false},"sv":762,"finish":{"ok":false,"processed":[]},"after":{"result":"441:462:524"}}}

[2023-12-19 18:10:48]
{"customize_changeset-643-auto-draft":{"before":{"trigger":"wp_insert_post","request_type":"DOING_AUTOSAVE"},"form_data":{"send2tg":null,"override_switch":false},"sv":762,"finish":{"ok":false,"processed":[]},"after":{"result":"441:462:524"}}}

[2023-12-19 18:11:38]
{"customize_changeset-643-trash":{"before":{"trigger":"wp_insert_post","request_type":null},"form_data":{"send2tg":null,"override_switch":false},"sv":772,"finish":{"ok":false,"processed":[]},"after":{"result":"441:462:524"}}}

[2023-12-19 18:11:38]
{"customize_changeset-643-publish":{"before":{"trigger":"wp_insert_post","request_type":null},"form_data":{"send2tg":null,"override_switch":false},"rules":{"apply":false,"sent2tg":""},"finish":{"ok":false,"processed":[]},"after":{"result":"441:511"}}}

[2023-12-19 18:12:04]
{"post-644-auto-draft":{"before":{"trigger":"wp_insert_post","request_type":null},"form_data":{"send2tg":null,"override_switch":false},"sv":772,"finish":{"ok":false,"processed":[]},"after":{"result":"441:462:524"}}}

[2023-12-21 13:20:46]
{"tmm-235-publish":{"before":{"trigger":"wp_insert_post","request_type":"FROM_WEB"},"form_data":{"send2tg":null,"override_switch":false},"sv":751,"finish":{"ok":false,"processed":[]},"after":{"result":"441:462:524"}}}

[2023-12-21 13:20:57]
{"tmm-235-publish":{"before":{"trigger":"wp_insert_post","request_type":"FROM_WEB"},"form_data":{"send2tg":null,"override_switch":false},"sv":751,"finish":{"ok":false,"processed":[]},"after":{"result":"441:462:524"}}}

[2023-12-21 13:22:18]
{"customize_changeset-646-auto-draft":{"before":{"trigger":"wp_insert_post","request_type":"DOING_AUTOSAVE"},"form_data":{"send2tg":null,"override_switch":false},"sv":762,"finish":{"ok":false,"processed":[]},"after":{"result":"441:462:524"}}}

[2023-12-21 13:23:25]
{"customize_changeset-646-trash":{"before":{"trigger":"wp_insert_post","request_type":null},"form_data":{"send2tg":null,"override_switch":false},"sv":772,"finish":{"ok":false,"processed":[]},"after":{"result":"441:462:524"}}}

[2023-12-21 13:23:25]
{"customize_changeset-646-publish":{"before":{"trigger":"wp_insert_post","request_type":null},"form_data":{"send2tg":null,"override_switch":false},"rules":{"apply":false,"sent2tg":""},"finish":{"ok":false,"processed":[]},"after":{"result":"441:511"}}}

[2023-12-21 13:23:37]
{"customize_changeset-647-trash":{"before":{"trigger":"wp_insert_post","request_type":null},"form_data":{"send2tg":null,"override_switch":false},"sv":772,"finish":{"ok":false,"processed":[]},"after":{"result":"441:462:524"}}}

[2023-12-21 13:23:37]
{"customize_changeset-647-publish":{"before":{"trigger":"wp_insert_post","request_type":null},"form_data":{"send2tg":null,"override_switch":false},"rules":{"apply":false,"sent2tg":""},"finish":{"ok":false,"processed":[]},"after":{"result":"441:511"}}}

[2023-12-21 13:24:40]
{"customize_changeset-648-trash":{"before":{"trigger":"wp_insert_post","request_type":null},"form_data":{"send2tg":null,"override_switch":false},"sv":772,"finish":{"ok":false,"processed":[]},"after":{"result":"441:462:524"}}}

[2023-12-21 13:24:40]
{"customize_changeset-648-publish":{"before":{"trigger":"wp_insert_post","request_type":null},"form_data":{"send2tg":null,"override_switch":false},"rules":{"apply":false,"sent2tg":""},"finish":{"ok":false,"processed":[]},"after":{"result":"441:511"}}}

[2023-12-21 13:24:58]
{"customize_changeset-649-auto-draft":{"before":{"trigger":"wp_insert_post","request_type":"DOING_AUTOSAVE"},"form_data":{"send2tg":null,"override_switch":false},"sv":762,"finish":{"ok":false,"processed":[]},"after":{"result":"441:462:524"}}}

[2023-12-21 13:25:00]
{"customize_changeset-649-trash":{"before":{"trigger":"wp_insert_post","request_type":null},"form_data":{"send2tg":null,"override_switch":false},"sv":772,"finish":{"ok":false,"processed":[]},"after":{"result":"441:462:524"}}}

[2023-12-21 13:25:00]
{"customize_changeset-649-publish":{"before":{"trigger":"wp_insert_post","request_type":null},"form_data":{"send2tg":null,"override_switch":false},"rules":{"apply":false,"sent2tg":""},"finish":{"ok":false,"processed":[]},"after":{"result":"441:511"}}}

[2023-12-21 13:25:32]
{"customize_changeset-650-trash":{"before":{"trigger":"wp_insert_post","request_type":null},"form_data":{"send2tg":null,"override_switch":false},"sv":772,"finish":{"ok":false,"processed":[]},"after":{"result":"441:462:524"}}}

[2023-12-21 13:25:32]
{"customize_changeset-650-publish":{"before":{"trigger":"wp_insert_post","request_type":null},"form_data":{"send2tg":null,"override_switch":false},"rules":{"apply":false,"sent2tg":""},"finish":{"ok":false,"processed":[]},"after":{"result":"441:511"}}}

[2023-12-21 13:26:13]
{"customize_changeset-651-trash":{"before":{"trigger":"wp_insert_post","request_type":null},"form_data":{"send2tg":null,"override_switch":false},"sv":772,"finish":{"ok":false,"processed":[]},"after":{"result":"441:462:524"}}}

[2023-12-21 13:26:13]
{"customize_changeset-651-publish":{"before":{"trigger":"wp_insert_post","request_type":null},"form_data":{"send2tg":null,"override_switch":false},"rules":{"apply":false,"sent2tg":""},"finish":{"ok":false,"processed":[]},"after":{"result":"441:511"}}}

[2023-12-21 13:27:34]
{"tribe_events-652-auto-draft":{"before":{"trigger":"wp_insert_post","request_type":null},"form_data":{"send2tg":null,"override_switch":false},"sv":772,"finish":{"ok":false,"processed":[]},"after":{"result":"441:462:524"}}}

[2023-12-21 13:28:38]
{"tribe_events-652-draft":{"before":{"trigger":"wp_insert_post","request_type":"DOING_AUTOSAVE"},"form_data":{"send2tg":null,"override_switch":false},"finish":{"ok":false,"processed":[]},"after":{"result":"441:451:511"}}}

[2023-12-21 13:29:25]
{"revision-653-inherit":{"before":{"trigger":"wp_insert_post","request_type":"POST_REVISION"},"form_data":{"channels":["@dcwwiki"],"delay":0.5,"disable_notification":false,"override_switch":false,"send2tg":"no","send_featured_image":true,"files":[],"is_from_gb":true},"sv":715,"finish":{"ok":false,"processed":[]},"after":{"result":"441:462:524"}}}

[2023-12-21 13:29:25]
{"tribe_events-652-publish":{"before":{"trigger":"wp_insert_post","request_type":"REST_REQUEST"},"form_data":{"channels":["@dcwwiki"],"delay":0.5,"disable_notification":false,"override_switch":false,"send2tg":"no","send_featured_image":true,"files":[],"is_from_gb":true},"finish":{"ok":false,"processed":[]},"after":{"result":"441:451:495:524"}}}

[2023-12-21 13:29:25]
{"tribe_events-652-publish":{"before":{"trigger":"rest_after_insert","request_type":"REST_REQUEST"},"form_data":{"channels":["@dcwwiki"],"delay":0.5,"disable_notification":false,"override_switch":false,"send2tg":"no","send_featured_image":true,"files":[],"is_from_gb":true},"sv":715,"finish":{"ok":false,"processed":[]},"after":{"result":"441:462:495:524"}}}

[2023-12-21 13:29:26]
{"tribe_events-652-publish":{"before":{"trigger":"wp_insert_post","request_type":"IS_GB_METABOX"},"form_data":{"send2tg":null,"override_switch":false},"sv":720,"finish":{"ok":false,"processed":[]},"after":{"result":"441:462:524"}}}

[2023-12-21 13:30:58]
{"revision-654-inherit":{"before":{"trigger":"wp_insert_post","request_type":"POST_REVISION"},"form_data":{"channels":["@dcwwiki"],"delay":0.5,"disable_notification":false,"override_switch":false,"send2tg":"no","send_featured_image":true,"files":[],"is_from_gb":true},"sv":715,"finish":{"ok":false,"processed":[]},"after":{"result":"441:462:524"}}}

[2023-12-21 13:30:58]
{"tribe_events-652-publish":{"before":{"trigger":"wp_insert_post","request_type":"REST_REQUEST"},"form_data":{"channels":["@dcwwiki"],"delay":0.5,"disable_notification":false,"override_switch":false,"send2tg":"no","send_featured_image":true,"files":[],"is_from_gb":true},"finish":{"ok":false,"processed":[]},"after":{"result":"441:451:495:524"}}}

[2023-12-21 13:30:58]
{"tribe_events-652-publish":{"before":{"trigger":"rest_after_insert","request_type":"REST_REQUEST"},"form_data":{"channels":["@dcwwiki"],"delay":0.5,"disable_notification":false,"override_switch":false,"send2tg":"no","send_featured_image":true,"files":[],"is_from_gb":true},"sv":715,"finish":{"ok":false,"processed":[]},"after":{"result":"441:462:495:524"}}}

[2023-12-21 13:30:59]
{"tribe_events-652-publish":{"before":{"trigger":"wp_insert_post","request_type":"IS_GB_METABOX"},"form_data":{"send2tg":null,"override_switch":false},"sv":720,"finish":{"ok":false,"processed":[]},"after":{"result":"441:462:524"}}}

[2023-12-21 13:31:37]
{"revision-655-inherit":{"before":{"trigger":"wp_insert_post","request_type":"POST_REVISION"},"form_data":{"channels":["@dcwwiki"],"delay":0.5,"disable_notification":false,"override_switch":false,"send2tg":"no","send_featured_image":true,"files":[],"is_from_gb":true},"sv":715,"finish":{"ok":false,"processed":[]},"after":{"result":"441:462:524"}}}

[2023-12-21 13:31:37]
{"tribe_events-652-publish":{"before":{"trigger":"wp_insert_post","request_type":"REST_REQUEST"},"form_data":{"channels":["@dcwwiki"],"delay":0.5,"disable_notification":false,"override_switch":false,"send2tg":"no","send_featured_image":true,"files":[],"is_from_gb":true},"finish":{"ok":false,"processed":[]},"after":{"result":"441:451:495:524"}}}

[2023-12-21 13:31:37]
{"tribe_events-652-publish":{"before":{"trigger":"rest_after_insert","request_type":"REST_REQUEST"},"form_data":{"channels":["@dcwwiki"],"delay":0.5,"disable_notification":false,"override_switch":false,"send2tg":"no","send_featured_image":true,"files":[],"is_from_gb":true},"sv":715,"finish":{"ok":false,"processed":[]},"after":{"result":"441:462:495:524"}}}

[2023-12-21 13:31:38]
{"tribe_events-652-publish":{"before":{"trigger":"wp_insert_post","request_type":"IS_GB_METABOX"},"form_data":{"send2tg":null,"override_switch":false},"sv":720,"finish":{"ok":false,"processed":[]},"after":{"result":"441:462:524"}}}

[2023-12-21 13:35:13]
{"revision-656-inherit":{"before":{"trigger":"wp_insert_post","request_type":"POST_REVISION"},"form_data":{"channels":["@dcwwiki"],"delay":0.5,"disable_notification":false,"override_switch":false,"send2tg":"no","send_featured_image":true,"files":[],"is_from_gb":true},"sv":715,"finish":{"ok":false,"processed":[]},"after":{"result":"441:462:524"}}}

[2023-12-21 13:35:13]
{"tribe_events-652-publish":{"before":{"trigger":"wp_insert_post","request_type":"REST_REQUEST"},"form_data":{"channels":["@dcwwiki"],"delay":0.5,"disable_notification":false,"override_switch":false,"send2tg":"no","send_featured_image":true,"files":[],"is_from_gb":true},"finish":{"ok":false,"processed":[]},"after":{"result":"441:451:495:524"}}}

[2023-12-21 13:35:13]
{"tribe_events-652-publish":{"before":{"trigger":"rest_after_insert","request_type":"REST_REQUEST"},"form_data":{"channels":["@dcwwiki"],"delay":0.5,"disable_notification":false,"override_switch":false,"send2tg":"no","send_featured_image":true,"files":[],"is_from_gb":true},"sv":715,"finish":{"ok":false,"processed":[]},"after":{"result":"441:462:495:524"}}}

[2023-12-21 13:35:14]
{"tribe_events-652-publish":{"before":{"trigger":"wp_insert_post","request_type":"IS_GB_METABOX"},"form_data":{"send2tg":null,"override_switch":false},"sv":720,"finish":{"ok":false,"processed":[]},"after":{"result":"441:462:524"}}}

[2023-12-21 13:36:38]
{"customize_changeset-657-auto-draft":{"before":{"trigger":"wp_insert_post","request_type":"DOING_AUTOSAVE"},"form_data":{"send2tg":null,"override_switch":false},"sv":762,"finish":{"ok":false,"processed":[]},"after":{"result":"441:462:524"}}}

[2023-12-21 13:37:18]
{"customize_changeset-657-trash":{"before":{"trigger":"wp_insert_post","request_type":null},"form_data":{"send2tg":null,"override_switch":false},"sv":772,"finish":{"ok":false,"processed":[]},"after":{"result":"441:462:524"}}}

[2023-12-21 13:37:18]
{"customize_changeset-657-publish":{"before":{"trigger":"wp_insert_post","request_type":null},"form_data":{"send2tg":null,"override_switch":false},"rules":{"apply":false,"sent2tg":""},"finish":{"ok":false,"processed":[]},"after":{"result":"441:511"}}}

[2023-12-28 18:34:35]
{"post-658-auto-draft":{"before":{"trigger":"wp_insert_post","request_type":null},"form_data":{"send2tg":null,"override_switch":false},"sv":772,"finish":{"ok":false,"processed":[]},"after":{"result":"441:462:524"}}}

[2023-12-28 18:35:56]
{"tribe_events-659-auto-draft":{"before":{"trigger":"wp_insert_post","request_type":null},"form_data":{"send2tg":null,"override_switch":false},"sv":772,"finish":{"ok":false,"processed":[]},"after":{"result":"441:462:524"}}}

[2023-12-28 18:37:26]
{"tmm-143-trash":{"before":{"trigger":"wp_insert_post","request_type":null},"form_data":{"send2tg":null,"override_switch":false},"sv":772,"finish":{"ok":false,"processed":[]},"after":{"result":"441:462:524"}}}

[2024-01-04 21:50:44]
{"revision-660-inherit":{"before":{"trigger":"wp_insert_post","request_type":"DOING_AUTOSAVE"},"form_data":{"send2tg":null,"override_switch":false},"sv":762,"finish":{"ok":false,"processed":[]},"after":{"result":"441:462:524"}}}

[2024-01-04 21:51:43]
{"revision-660-inherit":{"before":{"trigger":"wp_insert_post","request_type":"DOING_AUTOSAVE"},"form_data":{"send2tg":null,"override_switch":false},"sv":762,"finish":{"ok":false,"processed":[]},"after":{"result":"441:462:524"}}}

[2024-01-04 21:52:03]
{"revision-661-inherit":{"before":{"trigger":"wp_insert_post","request_type":"POST_REVISION"},"form_data":{"channels":["@dcwwiki"],"delay":0.5,"disable_notification":false,"override_switch":false,"send2tg":"no","send_featured_image":true,"files":[],"is_from_gb":true},"sv":715,"finish":{"ok":false,"processed":[]},"after":{"result":"441:462:524"}}}

[2024-01-04 21:52:03]
{"tribe_events-620-publish":{"before":{"trigger":"wp_insert_post","request_type":"REST_REQUEST"},"form_data":{"channels":["@dcwwiki"],"delay":0.5,"disable_notification":false,"override_switch":false,"send2tg":"no","send_featured_image":true,"files":[],"is_from_gb":true},"finish":{"ok":false,"processed":[]},"after":{"result":"441:451:495:524"}}}

[2024-01-04 21:52:03]
{"tribe_events-620-publish":{"before":{"trigger":"rest_after_insert","request_type":"REST_REQUEST"},"form_data":{"channels":["@dcwwiki"],"delay":0.5,"disable_notification":false,"override_switch":false,"send2tg":"no","send_featured_image":true,"files":[],"is_from_gb":true},"sv":715,"finish":{"ok":false,"processed":[]},"after":{"result":"441:462:495:524"}}}

[2024-01-04 21:52:05]
{"tribe_events-620-publish":{"before":{"trigger":"wp_insert_post","request_type":"IS_GB_METABOX"},"form_data":{"send2tg":null,"override_switch":false},"sv":720,"finish":{"ok":false,"processed":[]},"after":{"result":"441:462:524"}}}

[2024-01-05 19:47:39]
{"revision-662-inherit":{"before":{"trigger":"wp_insert_post","request_type":"DOING_AUTOSAVE"},"form_data":{"send2tg":null,"override_switch":false},"sv":762,"finish":{"ok":false,"processed":[]},"after":{"result":"441:462:524"}}}

[2024-01-05 19:47:46]
{"revision-663-inherit":{"before":{"trigger":"wp_insert_post","request_type":"POST_REVISION"},"form_data":{"channels":["@dcwwiki"],"delay":0.5,"disable_notification":false,"override_switch":false,"send2tg":"no","send_featured_image":true,"files":[],"is_from_gb":true},"sv":715,"finish":{"ok":false,"processed":[]},"after":{"result":"441:462:524"}}}

[2024-01-05 19:47:46]
{"page-329-publish":{"before":{"trigger":"wp_insert_post","request_type":"REST_REQUEST"},"form_data":{"channels":["@dcwwiki"],"delay":0.5,"disable_notification":false,"override_switch":false,"send2tg":"no","send_featured_image":true,"files":[],"is_from_gb":true},"finish":{"ok":false,"processed":[]},"after":{"result":"441:451:495:524"}}}

[2024-01-05 19:47:46]
{"page-329-publish":{"before":{"trigger":"rest_after_insert","request_type":"REST_REQUEST"},"form_data":{"channels":["@dcwwiki"],"delay":0.5,"disable_notification":false,"override_switch":false,"send2tg":"no","send_featured_image":true,"files":[],"is_from_gb":true},"sv":715,"finish":{"ok":false,"processed":[]},"after":{"result":"441:462:495:524"}}}

[2024-01-06 17:10:18]
{"post-664-auto-draft":{"before":{"trigger":"wp_insert_post","request_type":null},"form_data":{"send2tg":null,"override_switch":false},"sv":772,"finish":{"ok":false,"processed":[]},"after":{"result":"441:462:524"}}}

[2024-01-06 17:45:33]
{"post-665-auto-draft":{"before":{"trigger":"wp_insert_post","request_type":null},"form_data":{"send2tg":null,"override_switch":false},"sv":772,"finish":{"ok":false,"processed":[]},"after":{"result":"441:462:524"}}}

[2024-01-06 17:50:20]
{"customize_changeset-666-auto-draft":{"before":{"trigger":"wp_insert_post","request_type":"DOING_AUTOSAVE"},"form_data":{"send2tg":null,"override_switch":false},"sv":762,"finish":{"ok":false,"processed":[]},"after":{"result":"441:462:524"}}}

[2024-01-06 17:51:50]
{"post-667-auto-draft":{"before":{"trigger":"wp_insert_post","request_type":null},"form_data":{"send2tg":null,"override_switch":false},"sv":772,"finish":{"ok":false,"processed":[]},"after":{"result":"441:462:524"}}}

[2024-01-06 17:51:53]
{"tribe_events-668-auto-draft":{"before":{"trigger":"wp_insert_post","request_type":null},"form_data":{"send2tg":null,"override_switch":false},"sv":772,"finish":{"ok":false,"processed":[]},"after":{"result":"441:462:524"}}}

[2024-01-06 17:53:29]
{"tribe_events-668-draft":{"before":{"trigger":"wp_insert_post","request_type":"DOING_AUTOSAVE"},"form_data":{"send2tg":null,"override_switch":false},"finish":{"ok":false,"processed":[]},"after":{"result":"441:451:511"}}}

[2024-01-06 17:54:29]
{"tribe_events-668-draft":{"before":{"trigger":"wp_insert_post","request_type":"DOING_AUTOSAVE"},"form_data":{"send2tg":null,"override_switch":false},"finish":{"ok":false,"processed":[]},"after":{"result":"441:451:511"}}}

[2024-01-06 17:55:29]
{"tribe_events-668-draft":{"before":{"trigger":"wp_insert_post","request_type":"DOING_AUTOSAVE"},"form_data":{"send2tg":null,"override_switch":false},"finish":{"ok":false,"processed":[]},"after":{"result":"441:451:511"}}}

[2024-01-06 17:55:58]
{"tribe_events-668-publish":{"before":{"trigger":"wp_insert_post","request_type":"REST_REQUEST"},"form_data":{"channels":["@dcwwiki"],"delay":0.5,"disable_notification":false,"override_switch":false,"send2tg":"no","send_featured_image":true,"files":[],"is_from_gb":true},"finish":{"ok":false,"processed":[]},"after":{"result":"441:451:495:524"}}}

[2024-01-06 17:55:58]
{"tribe_events-668-publish":{"before":{"trigger":"rest_after_insert","request_type":"REST_REQUEST"},"form_data":{"channels":["@dcwwiki"],"delay":0.5,"disable_notification":false,"override_switch":false,"send2tg":"no","send_featured_image":true,"files":[],"is_from_gb":true},"sv":715,"finish":{"ok":false,"processed":[]},"after":{"result":"441:462:495:524"}}}

[2024-01-06 17:55:58]
{"revision-669-inherit":{"before":{"trigger":"wp_insert_post","request_type":"POST_REVISION"},"form_data":{"channels":["@dcwwiki"],"delay":0.5,"disable_notification":false,"override_switch":false,"send2tg":"no","send_featured_image":true,"files":[],"is_from_gb":true},"sv":715,"finish":{"ok":false,"processed":[]},"after":{"result":"441:462:524"}}}

[2024-01-06 17:56:02]
{"tribe_events-668-publish":{"before":{"trigger":"wp_insert_post","request_type":"IS_GB_METABOX"},"form_data":{"send2tg":null,"override_switch":false},"sv":720,"finish":{"ok":false,"processed":[]},"after":{"result":"441:462:524"}}}

[2024-01-06 17:59:50]
{"tribe_events-668-publish":{"before":{"trigger":"wp_insert_post","request_type":"REST_REQUEST"},"form_data":{"channels":["@dcwwiki"],"delay":0.5,"disable_notification":false,"override_switch":false,"send2tg":"no","send_featured_image":true,"files":[],"is_from_gb":true},"finish":{"ok":false,"processed":[]},"after":{"result":"441:451:495:524"}}}

[2024-01-06 17:59:50]
{"tribe_events-668-publish":{"before":{"trigger":"rest_after_insert","request_type":"REST_REQUEST"},"form_data":{"channels":["@dcwwiki"],"delay":0.5,"disable_notification":false,"override_switch":false,"send2tg":"no","send_featured_image":true,"files":[],"is_from_gb":true},"sv":715,"finish":{"ok":false,"processed":[]},"after":{"result":"441:462:495:524"}}}

[2024-01-06 17:59:58]
{"tribe_events-668-publish":{"before":{"trigger":"wp_insert_post","request_type":"IS_GB_METABOX"},"form_data":{"send2tg":null,"override_switch":false},"sv":720,"finish":{"ok":false,"processed":[]},"after":{"result":"441:462:524"}}}

[2024-01-06 18:00:00]
{"revision-670-inherit":{"before":{"trigger":"wp_insert_post","request_type":"DOING_AUTOSAVE"},"form_data":{"send2tg":null,"override_switch":false},"sv":762,"finish":{"ok":false,"processed":[]},"after":{"result":"441:462:524"}}}

[2024-01-06 18:24:24]
{"tribe_events-668-trash":{"before":{"trigger":"wp_insert_post","request_type":"REST_REQUEST"},"form_data":{"send2tg":null,"override_switch":false},"sv":772,"finish":{"ok":false,"processed":[]},"after":{"result":"441:462:524"}}}

[2024-01-06 18:24:24]
{"tribe_events-668-trash":{"before":{"trigger":"wp_insert_post","request_type":"REST_REQUEST"},"form_data":{"send2tg":null,"override_switch":false},"finish":{"ok":false,"processed":[]},"after":{"result":"441:451:524"}}}

[2024-01-06 18:24:24]
{"tribe_events-668-trash":{"before":{"trigger":"rest_after_insert","request_type":"REST_REQUEST"},"form_data":{"send2tg":null,"override_switch":false},"sv":772,"finish":{"ok":false,"processed":[]},"after":{"result":"441:462:524"}}}

[2024-01-06 18:24:24]
{"tribe_events-668-trash":{"before":{"trigger":"wp_insert_post","request_type":"IS_GB_METABOX"},"form_data":{"send2tg":null,"override_switch":false},"sv":720,"finish":{"ok":false,"processed":[]},"after":{"result":"441:462:524"}}}

[2024-01-06 18:24:33]
{"tribe_events-671-auto-draft":{"before":{"trigger":"wp_insert_post","request_type":null},"form_data":{"send2tg":null,"override_switch":false},"sv":772,"finish":{"ok":false,"processed":[]},"after":{"result":"441:462:524"}}}

[2024-01-06 18:26:50]
{"tribe_events-672-auto-draft":{"before":{"trigger":"wp_insert_post","request_type":null},"form_data":{"send2tg":null,"override_switch":false},"sv":772,"finish":{"ok":false,"processed":[]},"after":{"result":"441:462:524"}}}

[2024-01-06 18:27:54]
{"tribe_events-672-draft":{"before":{"trigger":"wp_insert_post","request_type":"DOING_AUTOSAVE"},"form_data":{"send2tg":null,"override_switch":false},"finish":{"ok":false,"processed":[]},"after":{"result":"441:451:511"}}}

[2024-01-06 18:28:54]
{"tribe_events-672-draft":{"before":{"trigger":"wp_insert_post","request_type":"DOING_AUTOSAVE"},"form_data":{"send2tg":null,"override_switch":false},"finish":{"ok":false,"processed":[]},"after":{"result":"441:451:511"}}}

[2024-01-06 18:29:54]
{"tribe_events-672-draft":{"before":{"trigger":"wp_insert_post","request_type":"DOING_AUTOSAVE"},"form_data":{"send2tg":null,"override_switch":false},"finish":{"ok":false,"processed":[]},"after":{"result":"441:451:511"}}}

[2024-01-06 18:31:54]
{"tribe_events-672-draft":{"before":{"trigger":"wp_insert_post","request_type":"DOING_AUTOSAVE"},"form_data":{"send2tg":null,"override_switch":false},"finish":{"ok":false,"processed":[]},"after":{"result":"441:451:511"}}}

[2024-01-06 18:32:12]
{"tribe_events-672-publish":{"before":{"trigger":"wp_insert_post","request_type":"REST_REQUEST"},"form_data":{"channels":["@dcwwiki"],"delay":0.5,"disable_notification":false,"override_switch":false,"send2tg":"no","send_featured_image":true,"files":[],"is_from_gb":true},"finish":{"ok":false,"processed":[]},"after":{"result":"441:451:495:524"}}}

[2024-01-06 18:32:12]
{"tribe_events-672-publish":{"before":{"trigger":"rest_after_insert","request_type":"REST_REQUEST"},"form_data":{"channels":["@dcwwiki"],"delay":0.5,"disable_notification":false,"override_switch":false,"send2tg":"no","send_featured_image":true,"files":[],"is_from_gb":true},"sv":715,"finish":{"ok":false,"processed":[]},"after":{"result":"441:462:495:524"}}}

[2024-01-06 18:32:12]
{"revision-673-inherit":{"before":{"trigger":"wp_insert_post","request_type":"POST_REVISION"},"form_data":{"channels":["@dcwwiki"],"delay":0.5,"disable_notification":false,"override_switch":false,"send2tg":"no","send_featured_image":true,"files":[],"is_from_gb":true},"sv":715,"finish":{"ok":false,"processed":[]},"after":{"result":"441:462:524"}}}

[2024-01-06 18:32:12]
{"tribe_events-672-publish":{"before":{"trigger":"wp_insert_post","request_type":"IS_GB_METABOX"},"form_data":{"send2tg":null,"override_switch":false},"sv":720,"finish":{"ok":false,"processed":[]},"after":{"result":"441:462:524"}}}

[2024-01-06 18:35:30]
{"tribe_events-672-publish":{"before":{"trigger":"wp_insert_post","request_type":"REST_REQUEST"},"form_data":{"channels":["@dcwwiki"],"delay":0.5,"disable_notification":false,"override_switch":false,"send2tg":"yes","send_featured_image":true,"files":[],"is_from_gb":true},"finish":{"ok":false,"processed":[]},"after":{"result":"441:451:524"}}}

[2024-01-06 18:35:30]
{"tribe_events-672-publish":{"before":{"trigger":"rest_after_insert","request_type":"REST_REQUEST"},"form_data":{"channels":["@dcwwiki"],"delay":0.5,"disable_notification":false,"override_switch":false,"send2tg":"yes","send_featured_image":true,"files":[],"is_from_gb":true},"rules":{"apply":true,"sent2tg":""},"finish":{"ok":false,"processed":[]},"after":{"result":"delayed 0.5"}}}

[2024-01-06 18:35:30]
{"tribe_events-672-publish":{"before":{"trigger":"wp_insert_post","request_type":"IS_GB_METABOX"},"form_data":{"send2tg":null,"override_switch":false},"sv":720,"finish":{"ok":false,"processed":[]},"after":{"result":"441:462:524"}}}

[2024-01-06 18:36:04]
{"tribe_events-672-publish":{"before":{"trigger":"delayed_post","request_type":"DOING_CRON"},"form_data":{"send2tg":null,"override_switch":false},"rules":{"apply":true,"sent2tg":""},"image_source":{"send_image":true,"has_image":false,"send_by_url":false,"source":""},"finish":{"ok":true,"processed":[672]},"after":{"result":{"@dcwwiki":[{"ok":true,"result":{"message_id":136,"sender_chat":{"id":-1001519093862,"title":"Deoband Community Wikimedia","username":"dcwwiki","type":"channel"},"chat":{"id":-1001519093862,"title":"Deoband Community Wikimedia","username":"dcwwiki","type":"channel"},"date":1704546364,"text":"DCW Conversation Hour February 2024\n\nhttps:\/\/hour.dcwwiki.org\/event\/dcw-conversation-hour-february-2024\/","entities":[{"offset":37,"length":67,"type":"url"}],"link_preview_options":{"url":"https:\/\/hour.dcwwiki.org\/event\/dcw-conversation-hour-february-2024\/"},"reply_markup":{"inline_keyboard":[[{"text":"\ud83d\udd17 View Post","url":"https:\/\/hour.dcwwiki.org\/event\/dcw-conversation-hour-february-2024\/"}]]}}}]}}}}

[2024-01-06 18:37:02]
{"revision-674-inherit":{"before":{"trigger":"wp_insert_post","request_type":"DOING_AUTOSAVE"},"form_data":{"send2tg":null,"override_switch":false},"sv":762,"finish":{"ok":false,"processed":[]},"after":{"result":"441:462:524"}}}

[2024-01-06 18:39:39]
{"bne_testimonials-675-auto-draft":{"before":{"trigger":"wp_insert_post","request_type":null},"form_data":{"send2tg":null,"override_switch":false},"sv":772,"finish":{"ok":false,"processed":[]},"after":{"result":"441:462:524"}}}

[2024-01-06 18:39:56]
{"bne_testimonials-675-draft":{"before":{"trigger":"wp_insert_post","request_type":"DOING_AUTOSAVE"},"form_data":{"send2tg":null,"override_switch":false},"sv":762,"finish":{"ok":false,"processed":[]},"after":{"result":"441:462:511"}}}

[2024-01-06 18:41:11]
{"bne_testimonials-675-draft":{"before":{"trigger":"wp_insert_post","request_type":"DOING_AUTOSAVE"},"form_data":{"send2tg":null,"override_switch":false},"sv":762,"finish":{"ok":false,"processed":[]},"after":{"result":"441:462:511"}}}

[2024-01-06 18:42:26]
{"bne_testimonials-675-draft":{"before":{"trigger":"wp_insert_post","request_type":"DOING_AUTOSAVE"},"form_data":{"send2tg":null,"override_switch":false},"sv":762,"finish":{"ok":false,"processed":[]},"after":{"result":"441:462:511"}}}

[2024-01-06 18:44:12]
{"bne_testimonials-675-draft":{"before":{"trigger":"wp_insert_post","request_type":"DOING_AUTOSAVE"},"form_data":{"send2tg":null,"override_switch":false},"sv":762,"finish":{"ok":false,"processed":[]},"after":{"result":"441:462:511"}}}

[2024-01-06 18:45:27]
{"bne_testimonials-675-draft":{"before":{"trigger":"wp_insert_post","request_type":"DOING_AUTOSAVE"},"form_data":{"send2tg":null,"override_switch":false},"sv":762,"finish":{"ok":false,"processed":[]},"after":{"result":"441:462:511"}}}

[2024-01-06 18:46:42]
{"bne_testimonials-675-draft":{"before":{"trigger":"wp_insert_post","request_type":"DOING_AUTOSAVE"},"form_data":{"send2tg":null,"override_switch":false},"sv":762,"finish":{"ok":false,"processed":[]},"after":{"result":"441:462:511"}}}

[2024-01-06 18:47:57]
{"bne_testimonials-675-draft":{"before":{"trigger":"wp_insert_post","request_type":"DOING_AUTOSAVE"},"form_data":{"send2tg":null,"override_switch":false},"sv":762,"finish":{"ok":false,"processed":[]},"after":{"result":"441:462:511"}}}

[2024-01-06 18:49:11]
{"bne_testimonials-675-draft":{"before":{"trigger":"wp_insert_post","request_type":"DOING_AUTOSAVE"},"form_data":{"send2tg":null,"override_switch":false},"sv":762,"finish":{"ok":false,"processed":[]},"after":{"result":"441:462:511"}}}

[2024-01-06 18:50:47]
{"bne_testimonials-675-publish":{"before":{"trigger":"wp_insert_post","request_type":"FROM_WEB"},"form_data":{"send2tg":null,"override_switch":false},"sv":751,"finish":{"ok":false,"processed":[]},"after":{"result":"441:462:524"}}}

[2024-01-06 18:51:49]
{"revision-676-inherit":{"before":{"trigger":"wp_insert_post","request_type":"DOING_AUTOSAVE"},"form_data":{"send2tg":null,"override_switch":false},"sv":762,"finish":{"ok":false,"processed":[]},"after":{"result":"441:462:524"}}}

[2024-01-06 18:53:04]
{"revision-676-inherit":{"before":{"trigger":"wp_insert_post","request_type":"DOING_AUTOSAVE"},"form_data":{"send2tg":null,"override_switch":false},"sv":762,"finish":{"ok":false,"processed":[]},"after":{"result":"441:462:524"}}}

[2024-01-06 18:53:18]
{"bne_testimonials-675-publish":{"before":{"trigger":"wp_insert_post","request_type":"FROM_WEB"},"form_data":{"send2tg":null,"override_switch":false},"sv":751,"finish":{"ok":false,"processed":[]},"after":{"result":"441:462:524"}}}

[2024-01-06 18:53:26]
{"bne_testimonials-675-publish":{"before":{"trigger":"wp_insert_post","request_type":"FROM_WEB"},"form_data":{"send2tg":null,"override_switch":false},"sv":751,"finish":{"ok":false,"processed":[]},"after":{"result":"441:462:524"}}}

[2024-01-06 18:55:41]
{"bne_testimonials-675-publish":{"before":{"trigger":"wp_insert_post","request_type":"FROM_WEB"},"form_data":{"send2tg":null,"override_switch":false},"sv":751,"finish":{"ok":false,"processed":[]},"after":{"result":"441:462:524"}}}

[2024-01-06 18:58:25]
{"bne_testimonials-675-publish":{"before":{"trigger":"wp_insert_post","request_type":"FROM_WEB"},"form_data":{"send2tg":null,"override_switch":false},"sv":751,"finish":{"ok":false,"processed":[]},"after":{"result":"441:462:524"}}}

[2024-01-17 23:48:11]
{"revision-678-inherit":{"before":{"trigger":"wp_insert_post","request_type":"DOING_AUTOSAVE"},"form_data":{"send2tg":null,"override_switch":false},"sv":762,"finish":{"ok":false,"processed":[]},"after":{"result":"441:462:524"}}}

[2024-01-17 23:49:11]
{"revision-678-inherit":{"before":{"trigger":"wp_insert_post","request_type":"DOING_AUTOSAVE"},"form_data":{"send2tg":null,"override_switch":false},"sv":762,"finish":{"ok":false,"processed":[]},"after":{"result":"441:462:524"}}}

[2024-01-17 23:50:11]
{"revision-678-inherit":{"before":{"trigger":"wp_insert_post","request_type":"DOING_AUTOSAVE"},"form_data":{"send2tg":null,"override_switch":false},"sv":762,"finish":{"ok":false,"processed":[]},"after":{"result":"441:462:524"}}}

[2024-01-17 23:51:11]
{"revision-678-inherit":{"before":{"trigger":"wp_insert_post","request_type":"DOING_AUTOSAVE"},"form_data":{"send2tg":null,"override_switch":false},"sv":762,"finish":{"ok":false,"processed":[]},"after":{"result":"441:462:524"}}}

[2024-01-17 23:52:11]
{"revision-678-inherit":{"before":{"trigger":"wp_insert_post","request_type":"DOING_AUTOSAVE"},"form_data":{"send2tg":null,"override_switch":false},"sv":762,"finish":{"ok":false,"processed":[]},"after":{"result":"441:462:524"}}}

[2024-01-17 23:53:11]
{"revision-678-inherit":{"before":{"trigger":"wp_insert_post","request_type":"DOING_AUTOSAVE"},"form_data":{"send2tg":null,"override_switch":false},"sv":762,"finish":{"ok":false,"processed":[]},"after":{"result":"441:462:524"}}}

[2024-01-17 23:54:11]
{"revision-678-inherit":{"before":{"trigger":"wp_insert_post","request_type":"DOING_AUTOSAVE"},"form_data":{"send2tg":null,"override_switch":false},"sv":762,"finish":{"ok":false,"processed":[]},"after":{"result":"441:462:524"}}}

[2024-01-17 23:55:11]
{"revision-678-inherit":{"before":{"trigger":"wp_insert_post","request_type":"DOING_AUTOSAVE"},"form_data":{"send2tg":null,"override_switch":false},"sv":762,"finish":{"ok":false,"processed":[]},"after":{"result":"441:462:524"}}}

[2024-01-17 23:56:11]
{"revision-678-inherit":{"before":{"trigger":"wp_insert_post","request_type":"DOING_AUTOSAVE"},"form_data":{"send2tg":null,"override_switch":false},"sv":762,"finish":{"ok":false,"processed":[]},"after":{"result":"441:462:524"}}}

[2024-01-17 23:57:11]
{"revision-678-inherit":{"before":{"trigger":"wp_insert_post","request_type":"DOING_AUTOSAVE"},"form_data":{"send2tg":null,"override_switch":false},"sv":762,"finish":{"ok":false,"processed":[]},"after":{"result":"441:462:524"}}}

[2024-01-17 23:58:11]
{"revision-678-inherit":{"before":{"trigger":"wp_insert_post","request_type":"DOING_AUTOSAVE"},"form_data":{"send2tg":null,"override_switch":false},"sv":762,"finish":{"ok":false,"processed":[]},"after":{"result":"441:462:524"}}}

[2024-01-17 23:59:11]
{"revision-678-inherit":{"before":{"trigger":"wp_insert_post","request_type":"DOING_AUTOSAVE"},"form_data":{"send2tg":null,"override_switch":false},"sv":762,"finish":{"ok":false,"processed":[]},"after":{"result":"441:462:524"}}}

[2024-01-18 00:00:11]
{"revision-678-inherit":{"before":{"trigger":"wp_insert_post","request_type":"DOING_AUTOSAVE"},"form_data":{"send2tg":null,"override_switch":false},"sv":762,"finish":{"ok":false,"processed":[]},"after":{"result":"441:462:524"}}}

[2024-01-18 00:01:11]
{"revision-678-inherit":{"before":{"trigger":"wp_insert_post","request_type":"DOING_AUTOSAVE"},"form_data":{"send2tg":null,"override_switch":false},"sv":762,"finish":{"ok":false,"processed":[]},"after":{"result":"441:462:524"}}}

[2024-01-18 00:01:39]
{"tribe_events-652-publish":{"before":{"trigger":"wp_insert_post","request_type":"REST_REQUEST"},"form_data":{"channels":["@dcwwiki"],"delay":0.5,"disable_notification":false,"override_switch":false,"send2tg":"no","send_featured_image":true,"files":[],"is_from_gb":true},"finish":{"ok":false,"processed":[]},"after":{"result":"441:451:495:524"}}}

[2024-01-18 00:01:39]
{"tribe_events-652-publish":{"before":{"trigger":"rest_after_insert","request_type":"REST_REQUEST"},"form_data":{"channels":["@dcwwiki"],"delay":0.5,"disable_notification":false,"override_switch":false,"send2tg":"no","send_featured_image":true,"files":[],"is_from_gb":true},"sv":715,"finish":{"ok":false,"processed":[]},"after":{"result":"441:462:495:524"}}}

[2024-01-18 00:01:39]
{"revision-679-inherit":{"before":{"trigger":"wp_insert_post","request_type":"POST_REVISION"},"form_data":{"channels":["@dcwwiki"],"delay":0.5,"disable_notification":false,"override_switch":false,"send2tg":"no","send_featured_image":true,"files":[],"is_from_gb":true},"sv":715,"finish":{"ok":false,"processed":[]},"after":{"result":"441:462:524"}}}

[2024-01-18 00:01:40]
{"tribe_events-652-publish":{"before":{"trigger":"wp_insert_post","request_type":"IS_GB_METABOX"},"form_data":{"send2tg":null,"override_switch":false},"sv":720,"finish":{"ok":false,"processed":[]},"after":{"result":"441:462:524"}}}

[2024-01-18 00:08:41]
{"revision-680-inherit":{"before":{"trigger":"wp_insert_post","request_type":"DOING_AUTOSAVE"},"form_data":{"send2tg":null,"override_switch":false},"sv":762,"finish":{"ok":false,"processed":[]},"after":{"result":"441:462:524"}}}

[2024-01-18 00:08:42]
{"tribe_events-652-publish":{"before":{"trigger":"wp_insert_post","request_type":"REST_REQUEST"},"form_data":{"channels":["@dcwwiki"],"delay":0.5,"disable_notification":false,"override_switch":false,"send2tg":"no","send_featured_image":true,"files":[],"is_from_gb":true},"finish":{"ok":false,"processed":[]},"after":{"result":"441:451:495:524"}}}

[2024-01-18 00:08:42]
{"tribe_events-652-publish":{"before":{"trigger":"rest_after_insert","request_type":"REST_REQUEST"},"form_data":{"channels":["@dcwwiki"],"delay":0.5,"disable_notification":false,"override_switch":false,"send2tg":"no","send_featured_image":true,"files":[],"is_from_gb":true},"sv":715,"finish":{"ok":false,"processed":[]},"after":{"result":"441:462:495:524"}}}

[2024-01-18 00:08:42]
{"revision-681-inherit":{"before":{"trigger":"wp_insert_post","request_type":"POST_REVISION"},"form_data":{"channels":["@dcwwiki"],"delay":0.5,"disable_notification":false,"override_switch":false,"send2tg":"no","send_featured_image":true,"files":[],"is_from_gb":true},"sv":715,"finish":{"ok":false,"processed":[]},"after":{"result":"441:462:524"}}}

[2024-01-18 00:08:43]
{"tribe_events-652-publish":{"before":{"trigger":"wp_insert_post","request_type":"IS_GB_METABOX"},"form_data":{"send2tg":null,"override_switch":false},"sv":720,"finish":{"ok":false,"processed":[]},"after":{"result":"441:462:524"}}}

[2024-01-18 00:09:15]
{"tribe_events-652-publish":{"before":{"trigger":"wp_insert_post","request_type":"REST_REQUEST"},"form_data":{"channels":["@dcwwiki"],"delay":0.5,"disable_notification":false,"override_switch":false,"send2tg":"no","send_featured_image":true,"files":[],"is_from_gb":true},"finish":{"ok":false,"processed":[]},"after":{"result":"441:451:495:524"}}}

[2024-01-18 00:09:15]
{"tribe_events-652-publish":{"before":{"trigger":"rest_after_insert","request_type":"REST_REQUEST"},"form_data":{"channels":["@dcwwiki"],"delay":0.5,"disable_notification":false,"override_switch":false,"send2tg":"no","send_featured_image":true,"files":[],"is_from_gb":true},"sv":715,"finish":{"ok":false,"processed":[]},"after":{"result":"441:462:495:524"}}}

[2024-01-18 00:09:15]
{"revision-682-inherit":{"before":{"trigger":"wp_insert_post","request_type":"POST_REVISION"},"form_data":{"channels":["@dcwwiki"],"delay":0.5,"disable_notification":false,"override_switch":false,"send2tg":"no","send_featured_image":true,"files":[],"is_from_gb":true},"sv":715,"finish":{"ok":false,"processed":[]},"after":{"result":"441:462:524"}}}

[2024-01-18 00:09:16]
{"tribe_events-652-publish":{"before":{"trigger":"wp_insert_post","request_type":"IS_GB_METABOX"},"form_data":{"send2tg":null,"override_switch":false},"sv":720,"finish":{"ok":false,"processed":[]},"after":{"result":"441:462:524"}}}

[2024-01-18 00:10:31]
{"tribe_events-652-publish":{"before":{"trigger":"wp_insert_post","request_type":"REST_REQUEST"},"form_data":{"channels":["@dcwwiki"],"delay":0.5,"disable_notification":false,"override_switch":false,"send2tg":"no","send_featured_image":true,"files":[],"is_from_gb":true},"finish":{"ok":false,"processed":[]},"after":{"result":"441:451:495:524"}}}

[2024-01-18 00:10:31]
{"tribe_events-652-publish":{"before":{"trigger":"rest_after_insert","request_type":"REST_REQUEST"},"form_data":{"channels":["@dcwwiki"],"delay":0.5,"disable_notification":false,"override_switch":false,"send2tg":"no","send_featured_image":true,"files":[],"is_from_gb":true},"sv":715,"finish":{"ok":false,"processed":[]},"after":{"result":"441:462:495:524"}}}

[2024-01-18 00:10:31]
{"revision-683-inherit":{"before":{"trigger":"wp_insert_post","request_type":"POST_REVISION"},"form_data":{"channels":["@dcwwiki"],"delay":0.5,"disable_notification":false,"override_switch":false,"send2tg":"no","send_featured_image":true,"files":[],"is_from_gb":true},"sv":715,"finish":{"ok":false,"processed":[]},"after":{"result":"441:462:524"}}}

[2024-01-18 00:10:31]
{"tribe_events-652-publish":{"before":{"trigger":"wp_insert_post","request_type":"IS_GB_METABOX"},"form_data":{"send2tg":null,"override_switch":false},"sv":720,"finish":{"ok":false,"processed":[]},"after":{"result":"441:462:524"}}}

[2024-01-18 00:19:58]
{"customize_changeset-684-trash":{"before":{"trigger":"wp_insert_post","request_type":null},"form_data":{"send2tg":null,"override_switch":false},"sv":772,"finish":{"ok":false,"processed":[]},"after":{"result":"441:462:524"}}}

[2024-01-18 00:19:58]
{"customize_changeset-684-publish":{"before":{"trigger":"wp_insert_post","request_type":null},"form_data":{"send2tg":null,"override_switch":false},"rules":{"apply":false,"sent2tg":""},"finish":{"ok":false,"processed":[]},"after":{"result":"441:511"}}}

[2024-01-18 00:25:49]
{"tribe_events-652-publish":{"before":{"trigger":"wp_insert_post","request_type":"REST_REQUEST"},"form_data":{"channels":["@dcwwiki"],"delay":0.5,"disable_notification":false,"override_switch":false,"send2tg":"no","send_featured_image":true,"files":[],"is_from_gb":true},"finish":{"ok":false,"processed":[]},"after":{"result":"441:451:495:524"}}}

[2024-01-18 00:25:49]
{"tribe_events-652-publish":{"before":{"trigger":"rest_after_insert","request_type":"REST_REQUEST"},"form_data":{"channels":["@dcwwiki"],"delay":0.5,"disable_notification":false,"override_switch":false,"send2tg":"no","send_featured_image":true,"files":[],"is_from_gb":true},"sv":715,"finish":{"ok":false,"processed":[]},"after":{"result":"441:462:495:524"}}}

[2024-01-18 00:25:50]
{"tribe_events-652-publish":{"before":{"trigger":"wp_insert_post","request_type":"IS_GB_METABOX"},"form_data":{"send2tg":null,"override_switch":false},"sv":720,"finish":{"ok":false,"processed":[]},"after":{"result":"441:462:524"}}}

[2024-01-20 13:05:08]
{"revision-685-inherit":{"before":{"trigger":"wp_insert_post","request_type":"DOING_AUTOSAVE"},"form_data":{"send2tg":null,"override_switch":false},"sv":762,"finish":{"ok":false,"processed":[]},"after":{"result":"441:462:524"}}}

[2024-01-20 13:05:29]
{"tribe_events-672-publish":{"before":{"trigger":"wp_insert_post","request_type":"REST_REQUEST"},"form_data":{"channels":["@dcwwiki"],"delay":0.5,"disable_notification":false,"override_switch":false,"send2tg":"no","send_featured_image":true,"files":[],"is_from_gb":true},"finish":{"ok":false,"processed":[]},"after":{"result":"441:451:495:524"}}}

[2024-01-20 13:05:29]
{"tribe_events-672-publish":{"before":{"trigger":"rest_after_insert","request_type":"REST_REQUEST"},"form_data":{"channels":["@dcwwiki"],"delay":0.5,"disable_notification":false,"override_switch":false,"send2tg":"no","send_featured_image":true,"files":[],"is_from_gb":true},"sv":715,"finish":{"ok":false,"processed":[]},"after":{"result":"441:462:495:524"}}}

[2024-01-20 13:05:29]
{"revision-686-inherit":{"before":{"trigger":"wp_insert_post","request_type":"POST_REVISION"},"form_data":{"channels":["@dcwwiki"],"delay":0.5,"disable_notification":false,"override_switch":false,"send2tg":"no","send_featured_image":true,"files":[],"is_from_gb":true},"sv":715,"finish":{"ok":false,"processed":[]},"after":{"result":"441:462:524"}}}

[2024-01-20 13:05:29]
{"tribe_events-672-publish":{"before":{"trigger":"wp_insert_post","request_type":"IS_GB_METABOX"},"form_data":{"send2tg":null,"override_switch":false},"sv":720,"finish":{"ok":false,"processed":[]},"after":{"result":"441:462:524"}}}

[2024-01-21 00:12:06]
{"post-687-auto-draft":{"before":{"trigger":"wp_insert_post","request_type":null},"form_data":{"send2tg":null,"override_switch":false},"sv":772,"finish":{"ok":false,"processed":[]},"after":{"result":"441:462:524"}}}

[2024-01-21 00:16:13]
{"revision-688-inherit":{"before":{"trigger":"wp_insert_post","request_type":"DOING_AUTOSAVE"},"form_data":{"send2tg":null,"override_switch":false},"sv":762,"finish":{"ok":false,"processed":[]},"after":{"result":"441:462:524"}}}

[2024-01-21 00:17:13]
{"revision-688-inherit":{"before":{"trigger":"wp_insert_post","request_type":"DOING_AUTOSAVE"},"form_data":{"send2tg":null,"override_switch":false},"sv":762,"finish":{"ok":false,"processed":[]},"after":{"result":"441:462:524"}}}

[2024-01-21 00:18:14]
{"revision-688-inherit":{"before":{"trigger":"wp_insert_post","request_type":"DOING_AUTOSAVE"},"form_data":{"send2tg":null,"override_switch":false},"sv":762,"finish":{"ok":false,"processed":[]},"after":{"result":"441:462:524"}}}

[2024-01-21 00:18:57]
{"tribe_events-672-publish":{"before":{"trigger":"wp_insert_post","request_type":"REST_REQUEST"},"form_data":{"channels":["@dcwwiki"],"delay":0.5,"disable_notification":false,"override_switch":false,"send2tg":"no","send_featured_image":true,"files":[],"is_from_gb":true},"finish":{"ok":false,"processed":[]},"after":{"result":"441:451:495:524"}}}

[2024-01-21 00:18:57]
{"tribe_events-672-publish":{"before":{"trigger":"rest_after_insert","request_type":"REST_REQUEST"},"form_data":{"channels":["@dcwwiki"],"delay":0.5,"disable_notification":false,"override_switch":false,"send2tg":"no","send_featured_image":true,"files":[],"is_from_gb":true},"sv":715,"finish":{"ok":false,"processed":[]},"after":{"result":"441:462:495:524"}}}

[2024-01-21 00:18:57]
{"revision-689-inherit":{"before":{"trigger":"wp_insert_post","request_type":"POST_REVISION"},"form_data":{"channels":["@dcwwiki"],"delay":0.5,"disable_notification":false,"override_switch":false,"send2tg":"no","send_featured_image":true,"files":[],"is_from_gb":true},"sv":715,"finish":{"ok":false,"processed":[]},"after":{"result":"441:462:524"}}}

[2024-01-21 00:18:57]
{"tribe_events-672-publish":{"before":{"trigger":"wp_insert_post","request_type":"IS_GB_METABOX"},"form_data":{"send2tg":null,"override_switch":false},"sv":720,"finish":{"ok":false,"processed":[]},"after":{"result":"441:462:524"}}}

[2024-01-21 00:22:09]
{"tribe_events-652-publish":{"before":{"trigger":"wp_insert_post","request_type":"REST_REQUEST"},"form_data":{"channels":["@dcwwiki"],"delay":0.5,"disable_notification":false,"override_switch":false,"send2tg":"no","send_featured_image":true,"files":[],"is_from_gb":true},"finish":{"ok":false,"processed":[]},"after":{"result":"441:451:495:524"}}}

[2024-01-21 00:22:09]
{"tribe_events-652-publish":{"before":{"trigger":"rest_after_insert","request_type":"REST_REQUEST"},"form_data":{"channels":["@dcwwiki"],"delay":0.5,"disable_notification":false,"override_switch":false,"send2tg":"no","send_featured_image":true,"files":[],"is_from_gb":true},"sv":715,"finish":{"ok":false,"processed":[]},"after":{"result":"441:462:495:524"}}}

[2024-01-21 00:22:09]
{"revision-690-inherit":{"before":{"trigger":"wp_insert_post","request_type":"POST_REVISION"},"form_data":{"channels":["@dcwwiki"],"delay":0.5,"disable_notification":false,"override_switch":false,"send2tg":"no","send_featured_image":true,"files":[],"is_from_gb":true},"sv":715,"finish":{"ok":false,"processed":[]},"after":{"result":"441:462:524"}}}

[2024-01-21 00:22:09]
{"tribe_events-652-publish":{"before":{"trigger":"wp_insert_post","request_type":"IS_GB_METABOX"},"form_data":{"send2tg":null,"override_switch":false},"sv":720,"finish":{"ok":false,"processed":[]},"after":{"result":"441:462:524"}}}

[2024-01-22 21:44:29]
{"tribe_events-652-publish":{"before":{"trigger":"wp_insert_post","request_type":"REST_REQUEST"},"form_data":{"channels":["@dcwwiki"],"delay":0.5,"disable_notification":false,"override_switch":false,"send2tg":"yes","send_featured_image":true,"files":[],"is_from_gb":true},"finish":{"ok":false,"processed":[]},"after":{"result":"441:451:524"}}}

[2024-01-22 21:44:29]
{"tribe_events-652-publish":{"before":{"trigger":"rest_after_insert","request_type":"REST_REQUEST"},"form_data":{"channels":["@dcwwiki"],"delay":0.5,"disable_notification":false,"override_switch":false,"send2tg":"yes","send_featured_image":true,"files":[],"is_from_gb":true},"rules":{"apply":true,"sent2tg":""},"finish":{"ok":false,"processed":[]},"after":{"result":"delayed 0.5"}}}

[2024-01-22 21:44:29]
{"revision-692-inherit":{"before":{"trigger":"wp_insert_post","request_type":"POST_REVISION"},"form_data":{"channels":["@dcwwiki"],"delay":0.5,"disable_notification":false,"override_switch":false,"send2tg":"yes","send_featured_image":true,"files":[],"is_from_gb":true},"sv":767,"finish":{"ok":false,"processed":[]},"after":{"result":"441:462:524"}}}

[2024-01-22 21:44:29]
{"tribe_events-652-publish":{"before":{"trigger":"wp_insert_post","request_type":"IS_GB_METABOX"},"form_data":{"send2tg":null,"override_switch":false},"sv":720,"finish":{"ok":false,"processed":[]},"after":{"result":"441:462:524"}}}

[2024-01-22 21:45:19]
{"tribe_events-652-publish":{"before":{"trigger":"delayed_post","request_type":"DOING_CRON"},"form_data":{"send2tg":null,"override_switch":false},"rules":{"apply":true,"sent2tg":""},"image_source":{"send_image":true,"has_image":false,"send_by_url":false,"source":""},"finish":{"ok":true,"processed":[652]},"after":{"result":{"@dcwwiki":[{"ok":true,"result":{"message_id":141,"sender_chat":{"id":-1001519093862,"title":"Deoband Community Wikimedia","username":"dcwwiki","type":"channel"},"chat":{"id":-1001519093862,"title":"Deoband Community Wikimedia","username":"dcwwiki","type":"channel"},"date":1705940118,"text":"DCW Conversation Hour January 2024\n\nIn DCW Conversation Hour January 2024, we look forward to diving deep in the \u201cOrganizer Lab\u201d, a program by the Wikimedia Foundation (WMF), which aims at impactful content campaigns and strategies to improve technical and social workflow for organisers in the global Wikimedia movement.\n\nhttps:\/\/hour.dcwwiki.org\/event\/dcw-conversation-hour-january-2024\/","entities":[{"offset":323,"length":66,"type":"url"}],"link_preview_options":{"url":"https:\/\/hour.dcwwiki.org\/event\/dcw-conversation-hour-january-2024\/"},"reply_markup":{"inline_keyboard":[[{"text":"\ud83d\udd17 View Post","url":"https:\/\/hour.dcwwiki.org\/event\/dcw-conversation-hour-january-2024\/"}]]}}}]}}}}

[2024-01-22 21:45:47]
{"tribe_events-652-publish":{"before":{"trigger":"wp_insert_post","request_type":"REST_REQUEST"},"form_data":{"channels":["@dcwwiki"],"delay":0.5,"disable_notification":false,"override_switch":false,"send2tg":"yes","send_featured_image":true,"files":[],"is_from_gb":true},"finish":{"ok":false,"processed":[]},"after":{"result":"441:451:524"}}}

[2024-01-22 21:45:47]
{"tribe_events-652-publish":{"before":{"trigger":"rest_after_insert","request_type":"REST_REQUEST"},"form_data":{"channels":["@dcwwiki"],"delay":0.5,"disable_notification":false,"override_switch":false,"send2tg":"yes","send_featured_image":true,"files":[],"is_from_gb":true},"rules":{"apply":true,"sent2tg":"2024-01-22 21:45:19"},"finish":{"ok":false,"processed":[]},"after":{"result":"delayed 0.5"}}}

[2024-01-22 21:45:47]
{"tribe_events-652-publish":{"before":{"trigger":"wp_insert_post","request_type":"IS_GB_METABOX"},"form_data":{"send2tg":null,"override_switch":false},"sv":720,"finish":{"ok":false,"processed":[]},"after":{"result":"441:462:524"}}}

[2024-01-22 21:46:40]
{"tribe_events-652-publish":{"before":{"trigger":"delayed_post","request_type":"DOING_CRON"},"form_data":{"send2tg":null,"override_switch":false},"rules":{"apply":true,"sent2tg":"2024-01-22 21:45:19"},"image_source":{"send_image":true,"has_image":true,"send_by_url":false,"source":"\/home\/u572932744\/domains\/dcwwiki.org\/public_html\/hour\/wp-content\/uploads\/2023\/12\/DCW-Conversation-Hour-January-2024.png"},"finish":{"ok":true,"processed":[652]},"after":{"result":{"@dcwwiki":[{"ok":true,"result":{"message_id":142,"sender_chat":{"id":-1001519093862,"title":"Deoband Community Wikimedia","username":"dcwwiki","type":"channel"},"chat":{"id":-1001519093862,"title":"Deoband Community Wikimedia","username":"dcwwiki","type":"channel"},"date":1705940200,"photo":[{"file_id":"AgACAgUAAx0EWouIZgADjmWulOhPPOp6cKb3dAHkOL8HTrrvAALOuTEbbAx4Vd-kdNfENnbFAQADAgADcwADNAQ","file_unique_id":"AQADzrkxG2wMeFV4","file_size":1942,"width":90,"height":90},{"file_id":"AgACAgUAAx0EWouIZgADjmWulOhPPOp6cKb3dAHkOL8HTrrvAALOuTEbbAx4Vd-kdNfENnbFAQADAgADbQADNAQ","file_unique_id":"AQADzrkxG2wMeFVy","file_size":25871,"width":320,"height":320},{"file_id":"AgACAgUAAx0EWouIZgADjmWulOhPPOp6cKb3dAHkOL8HTrrvAALOuTEbbAx4Vd-kdNfENnbFAQADAgADeAADNAQ","file_unique_id":"AQADzrkxG2wMeFV9","file_size":92155,"width":800,"height":800},{"file_id":"AgACAgUAAx0EWouIZgADjmWulOhPPOp6cKb3dAHkOL8HTrrvAALOuTEbbAx4Vd-kdNfENnbFAQADAgADeQADNAQ","file_unique_id":"AQADzrkxG2wMeFV-","file_size":130178,"width":1080,"height":1080}],"caption":"DCW Conversation Hour January 2024\n\nIn DCW Conversation Hour January 2024, we look forward to diving deep in the \u201cOrganizer Lab\u201d, a program by the Wikimedia Foundation (WMF), which aims at impactful content campaigns and strategies to improve technical and social workflow for organisers in the global Wikimedia movement.\n\nhttps:\/\/hour.dcwwiki.org\/event\/dcw-conversation-hour-january-2024\/","caption_entities":[{"offset":323,"length":66,"type":"url"}],"reply_markup":{"inline_keyboard":[[{"text":"\ud83d\udd17 View Post","url":"https:\/\/hour.dcwwiki.org\/event\/dcw-conversation-hour-january-2024\/"}]]}}}]}}}}

[2024-01-22 22:03:52]
{"revision-695-inherit":{"before":{"trigger":"wp_insert_post","request_type":"DOING_AUTOSAVE"},"form_data":{"send2tg":null,"override_switch":false},"sv":762,"finish":{"ok":false,"processed":[]},"after":{"result":"441:462:524"}}}

[2024-01-22 22:05:05]
{"revision-695-inherit":{"before":{"trigger":"wp_insert_post","request_type":"DOING_AUTOSAVE"},"form_data":{"send2tg":null,"override_switch":false},"sv":762,"finish":{"ok":false,"processed":[]},"after":{"result":"441:462:524"}}}

[2024-01-22 22:07:20]
{"revision-695-inherit":{"before":{"trigger":"wp_insert_post","request_type":"DOING_AUTOSAVE"},"form_data":{"send2tg":null,"override_switch":false},"sv":762,"finish":{"ok":false,"processed":[]},"after":{"result":"441:462:524"}}}

[2024-01-22 22:08:20]
{"revision-695-inherit":{"before":{"trigger":"wp_insert_post","request_type":"DOING_AUTOSAVE"},"form_data":{"send2tg":null,"override_switch":false},"sv":762,"finish":{"ok":false,"processed":[]},"after":{"result":"441:462:524"}}}

[2024-01-22 22:08:30]
{"tribe_events-652-publish":{"before":{"trigger":"wp_insert_post","request_type":"REST_REQUEST"},"form_data":{"channels":["@dcwwiki"],"delay":0.5,"disable_notification":false,"override_switch":false,"send2tg":"yes","send_featured_image":true,"files":[],"is_from_gb":true},"finish":{"ok":false,"processed":[]},"after":{"result":"441:451:524"}}}

[2024-01-22 22:08:30]
{"tribe_events-652-publish":{"before":{"trigger":"rest_after_insert","request_type":"REST_REQUEST"},"form_data":{"channels":["@dcwwiki"],"delay":0.5,"disable_notification":false,"override_switch":false,"send2tg":"yes","send_featured_image":true,"files":[],"is_from_gb":true},"rules":{"apply":true,"sent2tg":"2024-01-22 21:46:40"},"finish":{"ok":false,"processed":[]},"after":{"result":"delayed 0.5"}}}

[2024-01-22 22:08:30]
{"revision-698-inherit":{"before":{"trigger":"wp_insert_post","request_type":"POST_REVISION"},"form_data":{"channels":["@dcwwiki"],"delay":0.5,"disable_notification":false,"override_switch":false,"send2tg":"yes","send_featured_image":true,"files":[],"is_from_gb":true},"sv":767,"finish":{"ok":false,"processed":[]},"after":{"result":"441:462:524"}}}

[2024-01-22 22:08:31]
{"tribe_events-652-publish":{"before":{"trigger":"wp_insert_post","request_type":"IS_GB_METABOX"},"form_data":{"send2tg":null,"override_switch":false},"sv":720,"finish":{"ok":false,"processed":[]},"after":{"result":"441:462:524"}}}

[2024-01-22 22:09:10]
{"tribe_events-652-publish":{"before":{"trigger":"delayed_post","request_type":"DOING_CRON"},"form_data":{"send2tg":null,"override_switch":false},"rules":{"apply":true,"sent2tg":"2024-01-22 21:46:40"},"image_source":{"send_image":true,"has_image":true,"send_by_url":false,"source":"\/home\/u572932744\/domains\/dcwwiki.org\/public_html\/hour\/wp-content\/uploads\/2024\/01\/DCW-Conversation-Hour-January-2024.png"},"finish":{"ok":true,"processed":[652]},"after":{"result":{"@dcwwiki":[{"ok":true,"result":{"message_id":143,"sender_chat":{"id":-1001519093862,"title":"Deoband Community Wikimedia","username":"dcwwiki","type":"channel"},"chat":{"id":-1001519093862,"title":"Deoband Community Wikimedia","username":"dcwwiki","type":"channel"},"date":1705941549,"photo":[{"file_id":"AgACAgUAAx0EWouIZgADj2Wumi2mnnLxTyiUfgKW6-3kBVPiAALquTEbbAx4Vbn9zr7M94z4AQADAgADcwADNAQ","file_unique_id":"AQAD6rkxG2wMeFV4","file_size":1933,"width":90,"height":90},{"file_id":"AgACAgUAAx0EWouIZgADj2Wumi2mnnLxTyiUfgKW6-3kBVPiAALquTEbbAx4Vbn9zr7M94z4AQADAgADbQADNAQ","file_unique_id":"AQAD6rkxG2wMeFVy","file_size":25867,"width":320,"height":320},{"file_id":"AgACAgUAAx0EWouIZgADj2Wumi2mnnLxTyiUfgKW6-3kBVPiAALquTEbbAx4Vbn9zr7M94z4AQADAgADeAADNAQ","file_unique_id":"AQAD6rkxG2wMeFV9","file_size":92115,"width":800,"height":800},{"file_id":"AgACAgUAAx0EWouIZgADj2Wumi2mnnLxTyiUfgKW6-3kBVPiAALquTEbbAx4Vbn9zr7M94z4AQADAgADeQADNAQ","file_unique_id":"AQAD6rkxG2wMeFV-","file_size":130094,"width":1080,"height":1080}],"caption":"DCW Conversation Hour January 2024\n\nIn DCW Conversation Hour January 2024, we look forward to diving deep in the \u201cOrganizer Lab\u201d, a program by the Wikimedia Foundation (WMF), which aims at impactful content campaigns and strategies to improve technical and social workflow for organisers in the global Wikimedia movement.\n\nhttps:\/\/hour.dcwwiki.org\/event\/dcw-conversation-hour-january-2024\/","caption_entities":[{"offset":323,"length":66,"type":"url"}],"reply_markup":{"inline_keyboard":[[{"text":"\ud83d\udd17 View Post","url":"https:\/\/hour.dcwwiki.org\/event\/dcw-conversation-hour-january-2024\/"}]]}}}]}}}}

[2024-01-22 22:31:01]
{"customize_changeset-699-trash":{"before":{"trigger":"wp_insert_post","request_type":null},"form_data":{"send2tg":null,"override_switch":false},"sv":772,"finish":{"ok":false,"processed":[]},"after":{"result":"441:462:524"}}}

[2024-01-22 22:31:01]
{"customize_changeset-699-publish":{"before":{"trigger":"wp_insert_post","request_type":null},"form_data":{"send2tg":null,"override_switch":false},"rules":{"apply":false,"sent2tg":""},"finish":{"ok":false,"processed":[]},"after":{"result":"441:511"}}}

[2024-02-03 23:20:33]
{"post-700-auto-draft":{"before":{"trigger":"wp_insert_post","request_type":null},"form_data":{"send2tg":null,"override_switch":false},"sv":772,"finish":{"ok":false,"processed":[]},"after":{"result":"441:462:524"}}}

[2024-02-03 23:23:00]
{"customize_changeset-701-auto-draft":{"before":{"trigger":"wp_insert_post","request_type":"DOING_AUTOSAVE"},"form_data":{"send2tg":null,"override_switch":false},"sv":762,"finish":{"ok":false,"processed":[]},"after":{"result":"441:462:524"}}}

[2024-02-03 23:25:06]
{"customize_changeset-702-auto-draft":{"before":{"trigger":"wp_insert_post","request_type":"DOING_AUTOSAVE"},"form_data":{"send2tg":null,"override_switch":false},"sv":762,"finish":{"ok":false,"processed":[]},"after":{"result":"441:462:524"}}}

[2024-02-03 23:26:06]
{"customize_changeset-702-auto-draft":{"before":{"trigger":"wp_insert_post","request_type":"DOING_AUTOSAVE"},"form_data":{"send2tg":null,"override_switch":false},"sv":762,"finish":{"ok":false,"processed":[]},"after":{"result":"441:462:524"}}}

[2024-02-03 23:28:06]
{"customize_changeset-702-auto-draft":{"before":{"trigger":"wp_insert_post","request_type":"DOING_AUTOSAVE"},"form_data":{"send2tg":null,"override_switch":false},"sv":762,"finish":{"ok":false,"processed":[]},"after":{"result":"441:462:524"}}}

[2024-02-03 23:28:15]
{"customize_changeset-702-trash":{"before":{"trigger":"wp_insert_post","request_type":null},"form_data":{"send2tg":null,"override_switch":false},"sv":772,"finish":{"ok":false,"processed":[]},"after":{"result":"441:462:524"}}}

[2024-02-03 23:28:16]
{"customize_changeset-702-publish":{"before":{"trigger":"wp_insert_post","request_type":null},"form_data":{"send2tg":null,"override_switch":false},"rules":{"apply":false,"sent2tg":""},"finish":{"ok":false,"processed":[]},"after":{"result":"441:511"}}}

[2024-02-03 23:29:05]
{"customize_changeset-703-trash":{"before":{"trigger":"wp_insert_post","request_type":null},"form_data":{"send2tg":null,"override_switch":false},"sv":772,"finish":{"ok":false,"processed":[]},"after":{"result":"441:462:524"}}}

[2024-02-03 23:29:05]
{"customize_changeset-703-publish":{"before":{"trigger":"wp_insert_post","request_type":null},"form_data":{"send2tg":null,"override_switch":false},"rules":{"apply":false,"sent2tg":""},"finish":{"ok":false,"processed":[]},"after":{"result":"441:511"}}}

[2024-02-03 23:30:06]
{"customize_changeset-704-auto-draft":{"before":{"trigger":"wp_insert_post","request_type":"DOING_AUTOSAVE"},"form_data":{"send2tg":null,"override_switch":false},"sv":762,"finish":{"ok":false,"processed":[]},"after":{"result":"441:462:524"}}}

[2024-02-03 23:30:26]
{"customize_changeset-704-trash":{"before":{"trigger":"wp_insert_post","request_type":null},"form_data":{"send2tg":null,"override_switch":false},"sv":772,"finish":{"ok":false,"processed":[]},"after":{"result":"441:462:524"}}}

[2024-02-03 23:30:26]
{"customize_changeset-704-publish":{"before":{"trigger":"wp_insert_post","request_type":null},"form_data":{"send2tg":null,"override_switch":false},"rules":{"apply":false,"sent2tg":""},"finish":{"ok":false,"processed":[]},"after":{"result":"441:511"}}}

[2024-02-03 23:36:46]
{"tmm-235-publish":{"before":{"trigger":"wp_insert_post","request_type":"FROM_WEB"},"form_data":{"send2tg":null,"override_switch":false},"sv":751,"finish":{"ok":false,"processed":[]},"after":{"result":"441:462:524"}}}

[2024-02-03 23:47:35]
{"tmm-235-publish":{"before":{"trigger":"wp_insert_post","request_type":"FROM_WEB"},"form_data":{"send2tg":null,"override_switch":false},"sv":751,"finish":{"ok":false,"processed":[]},"after":{"result":"441:462:524"}}}

[2024-02-03 23:50:19]
{"tmm-235-publish":{"before":{"trigger":"wp_insert_post","request_type":"FROM_WEB"},"form_data":{"send2tg":null,"override_switch":false},"sv":751,"finish":{"ok":false,"processed":[]},"after":{"result":"441:462:524"}}}

[2024-02-03 23:50:40]
{"tmm-235-publish":{"before":{"trigger":"wp_insert_post","request_type":"FROM_WEB"},"form_data":{"send2tg":null,"override_switch":false},"sv":751,"finish":{"ok":false,"processed":[]},"after":{"result":"441:462:524"}}}

[2024-02-03 23:51:06]
{"post-706-auto-draft":{"before":{"trigger":"wp_insert_post","request_type":null},"form_data":{"send2tg":null,"override_switch":false},"sv":772,"finish":{"ok":false,"processed":[]},"after":{"result":"441:462:524"}}}

[2024-02-03 23:53:54]
{"tmm-235-publish":{"before":{"trigger":"wp_insert_post","request_type":"FROM_WEB"},"form_data":{"send2tg":null,"override_switch":false},"sv":751,"finish":{"ok":false,"processed":[]},"after":{"result":"441:462:524"}}}

[2024-02-12 09:20:40]
{"oembed_cache-707-publish":{"before":{"trigger":"wp_insert_post","request_type":"REST_REQUEST"},"form_data":{"send2tg":null,"override_switch":false},"rules":{"apply":false,"sent2tg":""},"finish":{"ok":false,"processed":[]},"after":{"result":"441:511"}}}

[2024-02-16 21:18:52]
{"post-708-auto-draft":{"before":{"trigger":"wp_insert_post","request_type":null},"form_data":{"send2tg":null,"override_switch":false},"sv":772,"finish":{"ok":false,"processed":[]},"after":{"result":"441:462:524"}}}

[2024-02-16 21:21:39]
{"revision-710-inherit":{"before":{"trigger":"wp_insert_post","request_type":"DOING_AUTOSAVE"},"form_data":{"send2tg":null,"override_switch":false},"sv":762,"finish":{"ok":false,"processed":[]},"after":{"result":"441:462:524"}}}

[2024-02-16 21:22:39]
{"revision-710-inherit":{"before":{"trigger":"wp_insert_post","request_type":"DOING_AUTOSAVE"},"form_data":{"send2tg":null,"override_switch":false},"sv":762,"finish":{"ok":false,"processed":[]},"after":{"result":"441:462:524"}}}

[2024-02-16 21:23:39]
{"revision-710-inherit":{"before":{"trigger":"wp_insert_post","request_type":"DOING_AUTOSAVE"},"form_data":{"send2tg":null,"override_switch":false},"sv":762,"finish":{"ok":false,"processed":[]},"after":{"result":"441:462:524"}}}

[2024-02-16 21:24:39]
{"revision-710-inherit":{"before":{"trigger":"wp_insert_post","request_type":"DOING_AUTOSAVE"},"form_data":{"send2tg":null,"override_switch":false},"sv":762,"finish":{"ok":false,"processed":[]},"after":{"result":"441:462:524"}}}

[2024-02-16 21:25:39]
{"revision-710-inherit":{"before":{"trigger":"wp_insert_post","request_type":"DOING_AUTOSAVE"},"form_data":{"send2tg":null,"override_switch":false},"sv":762,"finish":{"ok":false,"processed":[]},"after":{"result":"441:462:524"}}}

[2024-02-16 21:26:39]
{"revision-710-inherit":{"before":{"trigger":"wp_insert_post","request_type":"DOING_AUTOSAVE"},"form_data":{"send2tg":null,"override_switch":false},"sv":762,"finish":{"ok":false,"processed":[]},"after":{"result":"441:462:524"}}}

[2024-02-16 21:27:58]
{"tribe_events-672-publish":{"before":{"trigger":"wp_insert_post","request_type":"REST_REQUEST"},"form_data":{"channels":["@dcwwiki"],"delay":0.5,"disable_notification":false,"override_switch":false,"send2tg":"yes","send_featured_image":true,"files":[],"is_from_gb":true},"finish":{"ok":false,"processed":[]},"after":{"result":"441:451:524"}}}

[2024-02-16 21:27:58]
{"tribe_events-672-publish":{"before":{"trigger":"rest_after_insert","request_type":"REST_REQUEST"},"form_data":{"channels":["@dcwwiki"],"delay":0.5,"disable_notification":false,"override_switch":false,"send2tg":"yes","send_featured_image":true,"files":[],"is_from_gb":true},"rules":{"apply":true,"sent2tg":"2024-01-06 18:36:04"},"finish":{"ok":false,"processed":[]},"after":{"result":"delayed 0.5"}}}

[2024-02-16 21:27:58]
{"revision-711-inherit":{"before":{"trigger":"wp_insert_post","request_type":"POST_REVISION"},"form_data":{"channels":["@dcwwiki"],"delay":0.5,"disable_notification":false,"override_switch":false,"send2tg":"yes","send_featured_image":true,"files":[],"is_from_gb":true},"sv":767,"finish":{"ok":false,"processed":[]},"after":{"result":"441:462:524"}}}

[2024-02-16 21:27:58]
{"tribe_events-672-publish":{"before":{"trigger":"wp_insert_post","request_type":"IS_GB_METABOX"},"form_data":{"send2tg":null,"override_switch":false},"sv":720,"finish":{"ok":false,"processed":[]},"after":{"result":"441:462:524"}}}

[2024-02-16 21:28:42]
{"tribe_events-672-publish":{"before":{"trigger":"delayed_post","request_type":"DOING_CRON"},"form_data":{"send2tg":null,"override_switch":false},"rules":{"apply":true,"sent2tg":"2024-01-06 18:36:04"},"image_source":{"send_image":true,"has_image":true,"send_by_url":false,"source":"\/home\/u572932744\/domains\/dcwwiki.org\/public_html\/hour\/wp-content\/uploads\/2024\/01\/DCW-Conversation-Hour-February-2024.png"},"finish":{"ok":true,"processed":[672]},"after":{"result":{"@dcwwiki":[{"ok":true,"result":{"message_id":144,"sender_chat":{"id":-1001519093862,"title":"Deoband Community Wikimedia","username":"dcwwiki","type":"channel"},"chat":{"id":-1001519093862,"title":"Deoband Community Wikimedia","username":"dcwwiki","type":"channel"},"date":1708099121,"photo":[{"file_id":"AgACAgUAAx0EWouIZgADkGXPhjGrv1Nf-njDTsFU4R-bnRuVAAI9uTEbzreBVqYJ1ebq-pzZAQADAgADcwADNAQ","file_unique_id":"AQADPbkxG863gVZ4","file_size":2043,"width":90,"height":90},{"file_id":"AgACAgUAAx0EWouIZgADkGXPhjGrv1Nf-njDTsFU4R-bnRuVAAI9uTEbzreBVqYJ1ebq-pzZAQADAgADbQADNAQ","file_unique_id":"AQADPbkxG863gVZy","file_size":32020,"width":320,"height":320},{"file_id":"AgACAgUAAx0EWouIZgADkGXPhjGrv1Nf-njDTsFU4R-bnRuVAAI9uTEbzreBVqYJ1ebq-pzZAQADAgADeAADNAQ","file_unique_id":"AQADPbkxG863gVZ9","file_size":131929,"width":800,"height":800},{"file_id":"AgACAgUAAx0EWouIZgADkGXPhjGrv1Nf-njDTsFU4R-bnRuVAAI9uTEbzreBVqYJ1ebq-pzZAQADAgADeQADNAQ","file_unique_id":"AQADPbkxG863gVZ-","file_size":201045,"width":1080,"height":1080}],"caption":"DCW Conversation Hour February 2024\n\nIn the 14th DCW Conversation Hour, we look forward to understanding the dynamics of events and how we can apply and iterate learnings from past events and create something better than the previous. This conversation features Butch Bustria, a Filipino information technology professional based in Singapore. Butch is a long-time Wikimedia contributor, and a prominent face of the ESEAP Wikimedia Hub.\n\nhttps:\/\/hour.dcwwiki.org\/event\/dcw-conversation-hour-february-2024\/","caption_entities":[{"offset":438,"length":67,"type":"url"}],"reply_markup":{"inline_keyboard":[[{"text":"\ud83d\udd17 View Post","url":"https:\/\/hour.dcwwiki.org\/event\/dcw-conversation-hour-february-2024\/"}]]}}}]}}}}

[2024-02-17 19:57:55]
{"customize_changeset-712-trash":{"before":{"trigger":"wp_insert_post","request_type":null},"form_data":{"send2tg":null,"override_switch":false},"sv":772,"finish":{"ok":false,"processed":[]},"after":{"result":"441:462:524"}}}

[2024-02-17 19:57:55]
{"customize_changeset-712-publish":{"before":{"trigger":"wp_insert_post","request_type":null},"form_data":{"send2tg":null,"override_switch":false},"rules":{"apply":false,"sent2tg":""},"finish":{"ok":false,"processed":[]},"after":{"result":"441:511"}}}

